Time,Country,Series,Scale,Data
YR2007,AFG,SI.POV.NAHC,0,33.7
YR2011,AFG,SI.POV.NAHC,0,38.3
YR2016,AFG,SI.POV.NAHC,0,54.5
YR2007,AFG,SI.POV.NAHC.NC,0,33.7
YR2011,AFG,SI.POV.NAHC.NC,0,38.3
YR2016,AFG,SI.POV.NAHC.NC,0,54.5
YR2008,AGO,SI.POV.NAHC,0,36.6
YR2008,AGO,SI.POV.NAHC.NC,0,36.6
YR2002,ALB,SI.POV.NAHC,0,25.4
YR2005,ALB,SI.POV.NAHC,0,18.5
YR2008,ALB,SI.POV.NAHC,0,12.4
YR2012,ALB,SI.POV.NAHC,0,14.3
YR2002,ALB,SI.POV.NAHC.NC,0,25.4
YR2005,ALB,SI.POV.NAHC.NC,0,18.5
YR2008,ALB,SI.POV.NAHC.NC,0,12.4
YR2012,ALB,SI.POV.NAHC.NC,0,14.3
YR2016,ARG,SI.POV.NAHC,0,30.3
YR2017,ARG,SI.POV.NAHC,0,25.7
YR2018,ARG,SI.POV.NAHC,0,32
YR2016,ARG,SI.POV.NAHC.NC,0,30.3
YR2017,ARG,SI.POV.NAHC.NC,0,25.7
YR2018,ARG,SI.POV.NAHC.NC,0,32
YR2004,ARM,SI.POV.NAHC,0,53.5
YR2005,ARM,SI.POV.NAHC,0,40.1
YR2006,ARM,SI.POV.NAHC,0,30.2
YR2007,ARM,SI.POV.NAHC,0,26.4
YR2008,ARM,SI.POV.NAHC,0,27.6
YR2009,ARM,SI.POV.NAHC,0,34.1
YR2010,ARM,SI.POV.NAHC,0,35.8
YR2011,ARM,SI.POV.NAHC,0,35
YR2012,ARM,SI.POV.NAHC,0,32.4
YR2013,ARM,SI.POV.NAHC,0,32
YR2014,ARM,SI.POV.NAHC,0,30
YR2015,ARM,SI.POV.NAHC,0,29.8
YR2016,ARM,SI.POV.NAHC,0,29.4
YR2017,ARM,SI.POV.NAHC,0,25.7
YR2018,ARM,SI.POV.NAHC,0,23.5
YR2004,ARM,SI.POV.NAHC.NC,0,53.5
YR2005,ARM,SI.POV.NAHC.NC,0,40.1
YR2006,ARM,SI.POV.NAHC.NC,0,30.2
YR2007,ARM,SI.POV.NAHC.NC,0,26.4
YR2008,ARM,SI.POV.NAHC.NC,0,27.6
YR2009,ARM,SI.POV.NAHC.NC,0,34.1
YR2010,ARM,SI.POV.NAHC.NC,0,35.8
YR2011,ARM,SI.POV.NAHC.NC,0,35
YR2012,ARM,SI.POV.NAHC.NC,0,32.4
YR2013,ARM,SI.POV.NAHC.NC,0,32
YR2014,ARM,SI.POV.NAHC.NC,0,30
YR2015,ARM,SI.POV.NAHC.NC,0,29.8
YR2016,ARM,SI.POV.NAHC.NC,0,29.4
YR2017,ARM,SI.POV.NAHC.NC,0,25.7
YR2018,ARM,SI.POV.NAHC.NC,0,23.5
YR2001,AZE,SI.POV.NAHC,0,49.6
YR2007,AZE,SI.POV.NAHC,0,15.8
YR2008,AZE,SI.POV.NAHC,0,13.2
YR2009,AZE,SI.POV.NAHC,0,10.9
YR2010,AZE,SI.POV.NAHC,0,9.1
YR2011,AZE,SI.POV.NAHC,0,7.6
YR2012,AZE,SI.POV.NAHC,0,6
YR2001,AZE,SI.POV.NAHC.NC,0,49.6
YR2007,AZE,SI.POV.NAHC.NC,0,15.8
YR2008,AZE,SI.POV.NAHC.NC,0,13.2
YR2009,AZE,SI.POV.NAHC.NC,0,10.9
YR2010,AZE,SI.POV.NAHC.NC,0,9.1
YR2011,AZE,SI.POV.NAHC.NC,0,7.6
YR2012,AZE,SI.POV.NAHC.NC,0,6
YR1998,BDI,SI.POV.NAHC,0,
YR2006,BDI,SI.POV.NAHC,0,67.1
YR2013,BDI,SI.POV.NAHC,0,64.9
YR1998,BDI,SI.POV.NAHC.NC,0,81
YR2006,BDI,SI.POV.NAHC.NC,0,67.1
YR2013,BDI,SI.POV.NAHC.NC,0,64.9
YR1999,BEN,SI.POV.NAHC,0,
YR2003,BEN,SI.POV.NAHC,0,
YR2006,BEN,SI.POV.NAHC,0,37.5
YR2007,BEN,SI.POV.NAHC,0,33
YR2010,BEN,SI.POV.NAHC,0,35.2
YR2011,BEN,SI.POV.NAHC,0,36.2
YR2015,BEN,SI.POV.NAHC,0,40.1
YR1999,BEN,SI.POV.NAHC.NC,0,29
YR2003,BEN,SI.POV.NAHC.NC,0,39
YR2006,BEN,SI.POV.NAHC.NC,0,37.5
YR2007,BEN,SI.POV.NAHC.NC,0,33
YR2010,BEN,SI.POV.NAHC.NC,0,35.2
YR2011,BEN,SI.POV.NAHC.NC,0,36.2
YR2015,BEN,SI.POV.NAHC.NC,0,40.1
YR1994,BFA,SI.POV.NAHC,0,
YR1998,BFA,SI.POV.NAHC,0,
YR2003,BFA,SI.POV.NAHC,0,51.1
YR2009,BFA,SI.POV.NAHC,0,46.7
YR2014,BFA,SI.POV.NAHC,0,40.1
YR1994,BFA,SI.POV.NAHC.NC,0,44.5
YR1998,BFA,SI.POV.NAHC.NC,0,45.3
YR2003,BFA,SI.POV.NAHC.NC,0,51.1
YR2009,BFA,SI.POV.NAHC.NC,0,46.7
YR2014,BFA,SI.POV.NAHC.NC,0,40.1
YR1991,BGD,SI.POV.NAHC,0,
YR1995,BGD,SI.POV.NAHC,0,
YR2000,BGD,SI.POV.NAHC,0,48.9
YR2005,BGD,SI.POV.NAHC,0,40
YR2010,BGD,SI.POV.NAHC,0,31.5
YR2016,BGD,SI.POV.NAHC,0,24.3
YR1991,BGD,SI.POV.NAHC.NC,0,56.6
YR1995,BGD,SI.POV.NAHC.NC,0,50.1
YR2000,BGD,SI.POV.NAHC.NC,0,48.9
YR2005,BGD,SI.POV.NAHC.NC,0,40
YR2010,BGD,SI.POV.NAHC.NC,0,31.5
YR2016,BGD,SI.POV.NAHC.NC,0,24.3
YR2000,BGR,SI.POV.NAHC,0,
YR2001,BGR,SI.POV.NAHC,0,
YR2002,BGR,SI.POV.NAHC,0,
YR2004,BGR,SI.POV.NAHC,0,
YR2005,BGR,SI.POV.NAHC,0,
YR2006,BGR,SI.POV.NAHC,0,
YR2007,BGR,SI.POV.NAHC,0,
YR2008,BGR,SI.POV.NAHC,0,
YR2009,BGR,SI.POV.NAHC,0,
YR2010,BGR,SI.POV.NAHC,0,
YR2011,BGR,SI.POV.NAHC,0,
YR2012,BGR,SI.POV.NAHC,0,
YR2013,BGR,SI.POV.NAHC,0,
YR2014,BGR,SI.POV.NAHC,0,
YR2015,BGR,SI.POV.NAHC,0,22.9
YR2016,BGR,SI.POV.NAHC,0,23.4
YR2017,BGR,SI.POV.NAHC,0,22
YR2000,BGR,SI.POV.NAHC.NC,0,14
YR2001,BGR,SI.POV.NAHC.NC,0,16
YR2002,BGR,SI.POV.NAHC.NC,0,14
YR2004,BGR,SI.POV.NAHC.NC,0,14
YR2005,BGR,SI.POV.NAHC.NC,0,18.4
YR2006,BGR,SI.POV.NAHC.NC,0,22
YR2007,BGR,SI.POV.NAHC.NC,0,21.4
YR2008,BGR,SI.POV.NAHC.NC,0,21.8
YR2009,BGR,SI.POV.NAHC.NC,0,20.7
YR2010,BGR,SI.POV.NAHC.NC,0,22.2
YR2011,BGR,SI.POV.NAHC.NC,0,21.2
YR2012,BGR,SI.POV.NAHC.NC,0,21
YR2013,BGR,SI.POV.NAHC.NC,0,21.8
YR2014,BGR,SI.POV.NAHC.NC,0,22
YR2015,BGR,SI.POV.NAHC.NC,0,22.9
YR2016,BGR,SI.POV.NAHC.NC,0,23.4
YR2017,BGR,SI.POV.NAHC.NC,0,22
YR2004,BIH,SI.POV.NAHC,0,
YR2007,BIH,SI.POV.NAHC,0,18.2
YR2011,BIH,SI.POV.NAHC,0,17.9
YR2015,BIH,SI.POV.NAHC,0,16.9
YR2004,BIH,SI.POV.NAHC.NC,0,17.7
YR2007,BIH,SI.POV.NAHC.NC,0,18.2
YR2011,BIH,SI.POV.NAHC.NC,0,17.9
YR2015,BIH,SI.POV.NAHC.NC,0,16.9
YR1996,BLR,SI.POV.NAHC,0,
YR1997,BLR,SI.POV.NAHC,0,
YR1998,BLR,SI.POV.NAHC,0,
YR1999,BLR,SI.POV.NAHC,0,
YR2000,BLR,SI.POV.NAHC,0,41.9
YR2001,BLR,SI.POV.NAHC,0,28.9
YR2002,BLR,SI.POV.NAHC,0,30.5
YR2003,BLR,SI.POV.NAHC,0,27.1
YR2004,BLR,SI.POV.NAHC,0,17.8
YR2005,BLR,SI.POV.NAHC,0,12.7
YR2006,BLR,SI.POV.NAHC,0,11.1
YR2007,BLR,SI.POV.NAHC,0,7.7
YR2008,BLR,SI.POV.NAHC,0,6.1
YR2009,BLR,SI.POV.NAHC,0,5.4
YR2010,BLR,SI.POV.NAHC,0,5.2
YR2011,BLR,SI.POV.NAHC,0,7.3
YR2012,BLR,SI.POV.NAHC,0,6.3
YR2013,BLR,SI.POV.NAHC,0,5.5
YR2014,BLR,SI.POV.NAHC,0,4.8
YR2015,BLR,SI.POV.NAHC,0,5.1
YR2016,BLR,SI.POV.NAHC,0,5.7
YR2017,BLR,SI.POV.NAHC,0,5.9
YR2018,BLR,SI.POV.NAHC,0,5.6
YR1996,BLR,SI.POV.NAHC.NC,0,38.6
YR1997,BLR,SI.POV.NAHC.NC,0,32.1
YR1998,BLR,SI.POV.NAHC.NC,0,33
YR1999,BLR,SI.POV.NAHC.NC,0,46.7
YR2000,BLR,SI.POV.NAHC.NC,0,41.9
YR2001,BLR,SI.POV.NAHC.NC,0,28.9
YR2002,BLR,SI.POV.NAHC.NC,0,30.5
YR2003,BLR,SI.POV.NAHC.NC,0,27.1
YR2004,BLR,SI.POV.NAHC.NC,0,17.8
YR2005,BLR,SI.POV.NAHC.NC,0,12.7
YR2006,BLR,SI.POV.NAHC.NC,0,11.1
YR2007,BLR,SI.POV.NAHC.NC,0,7.7
YR2008,BLR,SI.POV.NAHC.NC,0,6.1
YR2009,BLR,SI.POV.NAHC.NC,0,5.4
YR2010,BLR,SI.POV.NAHC.NC,0,5.2
YR2011,BLR,SI.POV.NAHC.NC,0,7.3
YR2012,BLR,SI.POV.NAHC.NC,0,6.3
YR2013,BLR,SI.POV.NAHC.NC,0,5.5
YR2014,BLR,SI.POV.NAHC.NC,0,4.8
YR2015,BLR,SI.POV.NAHC.NC,0,5.1
YR2016,BLR,SI.POV.NAHC.NC,0,5.7
YR2017,BLR,SI.POV.NAHC.NC,0,5.9
YR2018,BLR,SI.POV.NAHC.NC,0,5.6
YR1999,BOL,SI.POV.NAHC,0,
YR2000,BOL,SI.POV.NAHC,0,66.4
YR2001,BOL,SI.POV.NAHC,0,63.1
YR2002,BOL,SI.POV.NAHC,0,63.3
YR2004,BOL,SI.POV.NAHC,0,63.1
YR2005,BOL,SI.POV.NAHC,0,59.6
YR2006,BOL,SI.POV.NAHC,0,59.9
YR2007,BOL,SI.POV.NAHC,0,60.1
YR2008,BOL,SI.POV.NAHC,0,57.3
YR2009,BOL,SI.POV.NAHC,0,51.3
YR2011,BOL,SI.POV.NAHC,0,45.1
YR2012,BOL,SI.POV.NAHC,0,43.3
YR2013,BOL,SI.POV.NAHC,0,38.9
YR2014,BOL,SI.POV.NAHC,0,39.1
YR2015,BOL,SI.POV.NAHC,0,38.6
YR2016,BOL,SI.POV.NAHC,0,39.5
YR2017,BOL,SI.POV.NAHC,0,36.4
YR2018,BOL,SI.POV.NAHC,0,34.6
YR1999,BOL,SI.POV.NAHC.NC,0,63.5
YR2000,BOL,SI.POV.NAHC.NC,0,66.4
YR2001,BOL,SI.POV.NAHC.NC,0,63.1
YR2002,BOL,SI.POV.NAHC.NC,0,63.3
YR2004,BOL,SI.POV.NAHC.NC,0,63.1
YR2005,BOL,SI.POV.NAHC.NC,0,59.6
YR2006,BOL,SI.POV.NAHC.NC,0,59.9
YR2007,BOL,SI.POV.NAHC.NC,0,60.1
YR2008,BOL,SI.POV.NAHC.NC,0,57.3
YR2009,BOL,SI.POV.NAHC.NC,0,51.3
YR2011,BOL,SI.POV.NAHC.NC,0,45.1
YR2012,BOL,SI.POV.NAHC.NC,0,43.3
YR2013,BOL,SI.POV.NAHC.NC,0,38.9
YR2014,BOL,SI.POV.NAHC.NC,0,39.1
YR2015,BOL,SI.POV.NAHC.NC,0,38.6
YR2016,BOL,SI.POV.NAHC.NC,0,39.5
YR2017,BOL,SI.POV.NAHC.NC,0,36.4
YR2018,BOL,SI.POV.NAHC.NC,0,34.6
YR2003,BTN,SI.POV.NAHC,0,
YR2007,BTN,SI.POV.NAHC,0,23.2
YR2012,BTN,SI.POV.NAHC,0,12
YR2017,BTN,SI.POV.NAHC,0,8.2
YR2003,BTN,SI.POV.NAHC.NC,0,31.7
YR2007,BTN,SI.POV.NAHC.NC,0,23.2
YR2012,BTN,SI.POV.NAHC.NC,0,12
YR2017,BTN,SI.POV.NAHC.NC,0,8.2
YR1985,BWA,SI.POV.NAHC,0,59
YR1993,BWA,SI.POV.NAHC,0,32.9
YR2002,BWA,SI.POV.NAHC,0,30.6
YR2009,BWA,SI.POV.NAHC,0,19.3
YR1985,BWA,SI.POV.NAHC.NC,0,59
YR1993,BWA,SI.POV.NAHC.NC,0,32.9
YR2002,BWA,SI.POV.NAHC.NC,0,30.6
YR2009,BWA,SI.POV.NAHC.NC,0,19.3
YR1992,CAF,SI.POV.NAHC,0,
YR2008,CAF,SI.POV.NAHC,0,62
YR1992,CAF,SI.POV.NAHC.NC,0,62.4
YR2008,CAF,SI.POV.NAHC.NC,0,62
YR1987,CHL,SI.POV.NAHC,0,
YR1990,CHL,SI.POV.NAHC,0,
YR1992,CHL,SI.POV.NAHC,0,
YR1994,CHL,SI.POV.NAHC,0,
YR1996,CHL,SI.POV.NAHC,0,
YR1998,CHL,SI.POV.NAHC,0,
YR2000,CHL,SI.POV.NAHC,0,36
YR2003,CHL,SI.POV.NAHC,0,35.4
YR2006,CHL,SI.POV.NAHC,0,29.1
YR2009,CHL,SI.POV.NAHC,0,25.3
YR2011,CHL,SI.POV.NAHC,0,22.2
YR2013,CHL,SI.POV.NAHC,0,14.4
YR2015,CHL,SI.POV.NAHC,0,11.7
YR2017,CHL,SI.POV.NAHC,0,8.6
YR1987,CHL,SI.POV.NAHC.NC,0,45.1
YR1990,CHL,SI.POV.NAHC.NC,0,38.6
YR1992,CHL,SI.POV.NAHC.NC,0,32.8
YR1994,CHL,SI.POV.NAHC.NC,0,27.7
YR1996,CHL,SI.POV.NAHC.NC,0,23.2
YR1998,CHL,SI.POV.NAHC.NC,0,21.6
YR2000,CHL,SI.POV.NAHC.NC,0,36
YR2003,CHL,SI.POV.NAHC.NC,0,35.4
YR2006,CHL,SI.POV.NAHC.NC,0,29.1
YR2009,CHL,SI.POV.NAHC.NC,0,25.3
YR2011,CHL,SI.POV.NAHC.NC,0,22.2
YR2013,CHL,SI.POV.NAHC.NC,0,14.4
YR2015,CHL,SI.POV.NAHC.NC,0,11.7
YR2017,CHL,SI.POV.NAHC.NC,0,8.6
YR2000,CHN,SI.POV.NAHC,0,
YR2005,CHN,SI.POV.NAHC,0,
YR2010,CHN,SI.POV.NAHC,0,
YR2011,CHN,SI.POV.NAHC,0,
YR2012,CHN,SI.POV.NAHC,0,
YR2013,CHN,SI.POV.NAHC,0,8.5
YR2014,CHN,SI.POV.NAHC,0,7.2
YR2015,CHN,SI.POV.NAHC,0,5.7
YR2016,CHN,SI.POV.NAHC,0,4.5
YR2017,CHN,SI.POV.NAHC,0,3.1
YR2018,CHN,SI.POV.NAHC,0,1.7
YR2000,CHN,SI.POV.NAHC.NC,0,49.8
YR2005,CHN,SI.POV.NAHC.NC,0,30.2
YR2010,CHN,SI.POV.NAHC.NC,0,17.2
YR2011,CHN,SI.POV.NAHC.NC,0,12.7
YR2012,CHN,SI.POV.NAHC.NC,0,10.2
YR2013,CHN,SI.POV.NAHC.NC,0,8.5
YR2014,CHN,SI.POV.NAHC.NC,0,7.2
YR2015,CHN,SI.POV.NAHC.NC,0,5.7
YR2016,CHN,SI.POV.NAHC.NC,0,4.5
YR2017,CHN,SI.POV.NAHC.NC,0,3.1
YR2018,CHN,SI.POV.NAHC.NC,0,1.7
YR1985,CIV,SI.POV.NAHC,0,
YR1993,CIV,SI.POV.NAHC,0,
YR1998,CIV,SI.POV.NAHC,0,
YR2002,CIV,SI.POV.NAHC,0,38.4
YR2008,CIV,SI.POV.NAHC,0,48.9
YR2015,CIV,SI.POV.NAHC,0,46.3
YR1985,CIV,SI.POV.NAHC.NC,0,10.1
YR1993,CIV,SI.POV.NAHC.NC,0,34.6
YR1998,CIV,SI.POV.NAHC.NC,0,36.4
YR2002,CIV,SI.POV.NAHC.NC,0,38.4
YR2008,CIV,SI.POV.NAHC.NC,0,48.9
YR2015,CIV,SI.POV.NAHC.NC,0,46.3
YR1996,CMR,SI.POV.NAHC,0,53.3
YR2001,CMR,SI.POV.NAHC,0,40.2
YR2007,CMR,SI.POV.NAHC,0,39.9
YR2014,CMR,SI.POV.NAHC,0,37.5
YR1996,CMR,SI.POV.NAHC.NC,0,53.3
YR2001,CMR,SI.POV.NAHC.NC,0,40.2
YR2007,CMR,SI.POV.NAHC.NC,0,39.9
YR2014,CMR,SI.POV.NAHC.NC,0,37.5
YR2004,COD,SI.POV.NAHC,0,69.3
YR2012,COD,SI.POV.NAHC,0,63.9
YR2004,COD,SI.POV.NAHC.NC,0,69.3
YR2012,COD,SI.POV.NAHC.NC,0,63.9
YR2005,COG,SI.POV.NAHC,0,50.7
YR2011,COG,SI.POV.NAHC,0,40.9
YR2005,COG,SI.POV.NAHC.NC,0,50.7
YR2011,COG,SI.POV.NAHC.NC,0,40.9
YR2002,COL,SI.POV.NAHC,0,49.7
YR2003,COL,SI.POV.NAHC,0,48
YR2004,COL,SI.POV.NAHC,0,47.4
YR2005,COL,SI.POV.NAHC,0,45
YR2008,COL,SI.POV.NAHC,0,42
YR2009,COL,SI.POV.NAHC,0,40.3
YR2010,COL,SI.POV.NAHC,0,37.2
YR2011,COL,SI.POV.NAHC,0,34.1
YR2012,COL,SI.POV.NAHC,0,32.7
YR2013,COL,SI.POV.NAHC,0,30.6
YR2014,COL,SI.POV.NAHC,0,28.5
YR2015,COL,SI.POV.NAHC,0,27.8
YR2016,COL,SI.POV.NAHC,0,28
YR2017,COL,SI.POV.NAHC,0,26.9
YR2018,COL,SI.POV.NAHC,0,27
YR2002,COL,SI.POV.NAHC.NC,0,49.7
YR2003,COL,SI.POV.NAHC.NC,0,48
YR2004,COL,SI.POV.NAHC.NC,0,47.4
YR2005,COL,SI.POV.NAHC.NC,0,45
YR2008,COL,SI.POV.NAHC.NC,0,42
YR2009,COL,SI.POV.NAHC.NC,0,40.3
YR2010,COL,SI.POV.NAHC.NC,0,37.2
YR2011,COL,SI.POV.NAHC.NC,0,34.1
YR2012,COL,SI.POV.NAHC.NC,0,32.7
YR2013,COL,SI.POV.NAHC.NC,0,30.6
YR2014,COL,SI.POV.NAHC.NC,0,28.5
YR2015,COL,SI.POV.NAHC.NC,0,27.8
YR2016,COL,SI.POV.NAHC.NC,0,28
YR2017,COL,SI.POV.NAHC.NC,0,26.9
YR2018,COL,SI.POV.NAHC.NC,0,27
YR1995,COM,SI.POV.NAHC,0,
YR2004,COM,SI.POV.NAHC,0,44.8
YR2013,COM,SI.POV.NAHC,0,42.4
YR1995,COM,SI.POV.NAHC.NC,0,54.6
YR2004,COM,SI.POV.NAHC.NC,0,44.8
YR2013,COM,SI.POV.NAHC.NC,0,42.4
YR1988,CPV,SI.POV.NAHC,0,
YR2001,CPV,SI.POV.NAHC,0,58
YR2007,CPV,SI.POV.NAHC,0,46
YR2015,CPV,SI.POV.NAHC,0,35
YR1988,CPV,SI.POV.NAHC.NC,0,30.2
YR2001,CPV,SI.POV.NAHC.NC,0,58
YR2007,CPV,SI.POV.NAHC.NC,0,46
YR2015,CPV,SI.POV.NAHC.NC,0,35
YR1989,CRI,SI.POV.NAHC,0,
YR1990,CRI,SI.POV.NAHC,0,
YR1991,CRI,SI.POV.NAHC,0,
YR1992,CRI,SI.POV.NAHC,0,
YR1993,CRI,SI.POV.NAHC,0,
YR1994,CRI,SI.POV.NAHC,0,
YR1995,CRI,SI.POV.NAHC,0,
YR1996,CRI,SI.POV.NAHC,0,
YR1997,CRI,SI.POV.NAHC,0,
YR1998,CRI,SI.POV.NAHC,0,
YR1999,CRI,SI.POV.NAHC,0,
YR2000,CRI,SI.POV.NAHC,0,
YR2001,CRI,SI.POV.NAHC,0,
YR2002,CRI,SI.POV.NAHC,0,
YR2003,CRI,SI.POV.NAHC,0,
YR2004,CRI,SI.POV.NAHC,0,
YR2005,CRI,SI.POV.NAHC,0,
YR2006,CRI,SI.POV.NAHC,0,
YR2007,CRI,SI.POV.NAHC,0,
YR2008,CRI,SI.POV.NAHC,0,
YR2009,CRI,SI.POV.NAHC,0,
YR2011,CRI,SI.POV.NAHC,0,21.7
YR2012,CRI,SI.POV.NAHC,0,20.6
YR2013,CRI,SI.POV.NAHC,0,20.7
YR2014,CRI,SI.POV.NAHC,0,22.4
YR2015,CRI,SI.POV.NAHC,0,21.7
YR2016,CRI,SI.POV.NAHC,0,20.5
YR2017,CRI,SI.POV.NAHC,0,20
YR2018,CRI,SI.POV.NAHC,0,21.1
YR2019,CRI,SI.POV.NAHC,0,21
YR1989,CRI,SI.POV.NAHC.NC,0,28.3
YR1990,CRI,SI.POV.NAHC.NC,0,27.1
YR1991,CRI,SI.POV.NAHC.NC,0,31.9
YR1992,CRI,SI.POV.NAHC.NC,0,29.4
YR1993,CRI,SI.POV.NAHC.NC,0,23.2
YR1994,CRI,SI.POV.NAHC.NC,0,20
YR1995,CRI,SI.POV.NAHC.NC,0,20.4
YR1996,CRI,SI.POV.NAHC.NC,0,21.5
YR1997,CRI,SI.POV.NAHC.NC,0,20.7
YR1998,CRI,SI.POV.NAHC.NC,0,19.7
YR1999,CRI,SI.POV.NAHC.NC,0,20.6
YR2000,CRI,SI.POV.NAHC.NC,0,20.6
YR2001,CRI,SI.POV.NAHC.NC,0,20.3
YR2002,CRI,SI.POV.NAHC.NC,0,20.6
YR2003,CRI,SI.POV.NAHC.NC,0,18.5
YR2004,CRI,SI.POV.NAHC.NC,0,21.7
YR2005,CRI,SI.POV.NAHC.NC,0,21.2
YR2006,CRI,SI.POV.NAHC.NC,0,20.2
YR2007,CRI,SI.POV.NAHC.NC,0,16.7
YR2008,CRI,SI.POV.NAHC.NC,0,17.7
YR2009,CRI,SI.POV.NAHC.NC,0,18.5
YR2011,CRI,SI.POV.NAHC.NC,0,21.7
YR2012,CRI,SI.POV.NAHC.NC,0,20.6
YR2013,CRI,SI.POV.NAHC.NC,0,20.7
YR2014,CRI,SI.POV.NAHC.NC,0,22.4
YR2015,CRI,SI.POV.NAHC.NC,0,21.7
YR2016,CRI,SI.POV.NAHC.NC,0,20.5
YR2017,CRI,SI.POV.NAHC.NC,0,20
YR2018,CRI,SI.POV.NAHC.NC,0,21.1
YR2019,CRI,SI.POV.NAHC.NC,0,21
YR2004,CZE,SI.POV.NAHC,0,10.4
YR2005,CZE,SI.POV.NAHC,0,9.9
YR2006,CZE,SI.POV.NAHC,0,9.6
YR2007,CZE,SI.POV.NAHC,0,9
YR2008,CZE,SI.POV.NAHC,0,8.6
YR2009,CZE,SI.POV.NAHC,0,9
YR2010,CZE,SI.POV.NAHC,0,9.8
YR2011,CZE,SI.POV.NAHC,0,9.6
YR2012,CZE,SI.POV.NAHC,0,8.6
YR2013,CZE,SI.POV.NAHC,0,9.7
YR2004,CZE,SI.POV.NAHC.NC,0,10.4
YR2005,CZE,SI.POV.NAHC.NC,0,9.9
YR2006,CZE,SI.POV.NAHC.NC,0,9.6
YR2007,CZE,SI.POV.NAHC.NC,0,9
YR2008,CZE,SI.POV.NAHC.NC,0,8.6
YR2009,CZE,SI.POV.NAHC.NC,0,9
YR2010,CZE,SI.POV.NAHC.NC,0,9.8
YR2011,CZE,SI.POV.NAHC.NC,0,9.6
YR2012,CZE,SI.POV.NAHC.NC,0,8.6
YR2013,CZE,SI.POV.NAHC.NC,0,9.7
YR2013,DJI,SI.POV.NAHC,0,
YR2017,DJI,SI.POV.NAHC,0,21.1
YR2013,DJI,SI.POV.NAHC.NC,0,23
YR2017,DJI,SI.POV.NAHC.NC,0,21.1
YR2000,DOM,SI.POV.NAHC,0,
YR2001,DOM,SI.POV.NAHC,0,
YR2002,DOM,SI.POV.NAHC,0,
YR2003,DOM,SI.POV.NAHC,0,
YR2004,DOM,SI.POV.NAHC,0,
YR2005,DOM,SI.POV.NAHC,0,
YR2006,DOM,SI.POV.NAHC,0,
YR2007,DOM,SI.POV.NAHC,0,
YR2008,DOM,SI.POV.NAHC,0,
YR2009,DOM,SI.POV.NAHC,0,
YR2010,DOM,SI.POV.NAHC,0,
YR2011,DOM,SI.POV.NAHC,0,
YR2012,DOM,SI.POV.NAHC,0,
YR2013,DOM,SI.POV.NAHC,0,
YR2014,DOM,SI.POV.NAHC,0,
YR2015,DOM,SI.POV.NAHC,0,
YR2016,DOM,SI.POV.NAHC,0,
YR2017,DOM,SI.POV.NAHC,0,25.6
YR2018,DOM,SI.POV.NAHC,0,22.8
YR2000,DOM,SI.POV.NAHC.NC,0,31.8
YR2001,DOM,SI.POV.NAHC.NC,0,32.7
YR2002,DOM,SI.POV.NAHC.NC,0,32.4
YR2003,DOM,SI.POV.NAHC.NC,0,41.1
YR2004,DOM,SI.POV.NAHC.NC,0,49.4
YR2005,DOM,SI.POV.NAHC.NC,0,47.2
YR2006,DOM,SI.POV.NAHC.NC,0,43.3
YR2007,DOM,SI.POV.NAHC.NC,0,42.8
YR2008,DOM,SI.POV.NAHC.NC,0,43.2
YR2009,DOM,SI.POV.NAHC.NC,0,41.2
YR2010,DOM,SI.POV.NAHC.NC,0,40.5
YR2011,DOM,SI.POV.NAHC.NC,0,39.3
YR2012,DOM,SI.POV.NAHC.NC,0,39.7
YR2013,DOM,SI.POV.NAHC.NC,0,39.6
YR2014,DOM,SI.POV.NAHC.NC,0,34.8
YR2015,DOM,SI.POV.NAHC.NC,0,30.8
YR2016,DOM,SI.POV.NAHC.NC,0,28.9
YR2017,DOM,SI.POV.NAHC.NC,0,25.6
YR2018,DOM,SI.POV.NAHC.NC,0,22.8
YR1988,DZA,SI.POV.NAHC,0,
YR1995,DZA,SI.POV.NAHC,0,
YR2011,DZA,SI.POV.NAHC,0,5.5
YR1988,DZA,SI.POV.NAHC.NC,0,12.2
YR1995,DZA,SI.POV.NAHC.NC,0,22.6
YR2011,DZA,SI.POV.NAHC.NC,0,5.5
YR2000,ECU,SI.POV.NAHC,0,
YR2001,ECU,SI.POV.NAHC,0,
YR2003,ECU,SI.POV.NAHC,0,
YR2004,ECU,SI.POV.NAHC,0,
YR2005,ECU,SI.POV.NAHC,0,
YR2006,ECU,SI.POV.NAHC,0,
YR2007,ECU,SI.POV.NAHC,0,36.7
YR2008,ECU,SI.POV.NAHC,0,35.1
YR2009,ECU,SI.POV.NAHC,0,36
YR2010,ECU,SI.POV.NAHC,0,32.8
YR2011,ECU,SI.POV.NAHC,0,28.6
YR2012,ECU,SI.POV.NAHC,0,27.3
YR2013,ECU,SI.POV.NAHC,0,25.6
YR2014,ECU,SI.POV.NAHC,0,22.5
YR2015,ECU,SI.POV.NAHC,0,23.3
YR2016,ECU,SI.POV.NAHC,0,22.9
YR2017,ECU,SI.POV.NAHC,0,21.5
YR2018,ECU,SI.POV.NAHC,0,23.2
YR2019,ECU,SI.POV.NAHC,0,25
YR2000,ECU,SI.POV.NAHC.NC,0,64.4
YR2001,ECU,SI.POV.NAHC.NC,0,54.9
YR2003,ECU,SI.POV.NAHC.NC,0,49.9
YR2004,ECU,SI.POV.NAHC.NC,0,44.6
YR2005,ECU,SI.POV.NAHC.NC,0,42.2
YR2006,ECU,SI.POV.NAHC.NC,0,37.6
YR2007,ECU,SI.POV.NAHC.NC,0,36.7
YR2008,ECU,SI.POV.NAHC.NC,0,35.1
YR2009,ECU,SI.POV.NAHC.NC,0,36
YR2010,ECU,SI.POV.NAHC.NC,0,32.8
YR2011,ECU,SI.POV.NAHC.NC,0,28.6
YR2012,ECU,SI.POV.NAHC.NC,0,27.3
YR2013,ECU,SI.POV.NAHC.NC,0,25.6
YR2014,ECU,SI.POV.NAHC.NC,0,22.5
YR2015,ECU,SI.POV.NAHC.NC,0,23.3
YR2016,ECU,SI.POV.NAHC.NC,0,22.9
YR2017,ECU,SI.POV.NAHC.NC,0,21.5
YR2018,ECU,SI.POV.NAHC.NC,0,23.2
YR2019,ECU,SI.POV.NAHC.NC,0,25
YR1995,EGY,SI.POV.NAHC,0,
YR1999,EGY,SI.POV.NAHC,0,16.7
YR2004,EGY,SI.POV.NAHC,0,19.6
YR2008,EGY,SI.POV.NAHC,0,21.6
YR2010,EGY,SI.POV.NAHC,0,25.2
YR2012,EGY,SI.POV.NAHC,0,26.3
YR2015,EGY,SI.POV.NAHC,0,27.8
YR2017,EGY,SI.POV.NAHC,0,32.5
YR1995,EGY,SI.POV.NAHC.NC,0,19.4
YR1999,EGY,SI.POV.NAHC.NC,0,16.7
YR2004,EGY,SI.POV.NAHC.NC,0,19.6
YR2008,EGY,SI.POV.NAHC.NC,0,21.6
YR2010,EGY,SI.POV.NAHC.NC,0,25.2
YR2012,EGY,SI.POV.NAHC.NC,0,26.3
YR2015,EGY,SI.POV.NAHC.NC,0,27.8
YR2017,EGY,SI.POV.NAHC.NC,0,32.5
YR1993,ERI,SI.POV.NAHC,0,69
YR1993,ERI,SI.POV.NAHC.NC,0,69
YR2003,EST,SI.POV.NAHC,0,
YR2004,EST,SI.POV.NAHC,0,
YR2005,EST,SI.POV.NAHC,0,
YR2006,EST,SI.POV.NAHC,0,
YR2007,EST,SI.POV.NAHC,0,
YR2008,EST,SI.POV.NAHC,0,
YR2009,EST,SI.POV.NAHC,0,
YR2010,EST,SI.POV.NAHC,0,
YR2011,EST,SI.POV.NAHC,0,
YR2012,EST,SI.POV.NAHC,0,
YR2013,EST,SI.POV.NAHC,0,21.8
YR2003,EST,SI.POV.NAHC.NC,0,20.2
YR2004,EST,SI.POV.NAHC.NC,0,18.3
YR2005,EST,SI.POV.NAHC.NC,0,18.3
YR2006,EST,SI.POV.NAHC.NC,0,19.4
YR2007,EST,SI.POV.NAHC.NC,0,19.5
YR2008,EST,SI.POV.NAHC.NC,0,19.7
YR2009,EST,SI.POV.NAHC.NC,0,15.8
YR2010,EST,SI.POV.NAHC.NC,0,17.5
YR2011,EST,SI.POV.NAHC.NC,0,17.5
YR2012,EST,SI.POV.NAHC.NC,0,18.6
YR2013,EST,SI.POV.NAHC.NC,0,21.8
YR1995,ETH,SI.POV.NAHC,0,45.5
YR1999,ETH,SI.POV.NAHC,0,44.2
YR2004,ETH,SI.POV.NAHC,0,38.7
YR2010,ETH,SI.POV.NAHC,0,29.6
YR2015,ETH,SI.POV.NAHC,0,23.5
YR1995,ETH,SI.POV.NAHC.NC,0,45.5
YR1999,ETH,SI.POV.NAHC.NC,0,44.2
YR2004,ETH,SI.POV.NAHC.NC,0,38.7
YR2010,ETH,SI.POV.NAHC.NC,0,29.6
YR2015,ETH,SI.POV.NAHC.NC,0,23.5
YR2002,FJI,SI.POV.NAHC,0,39.8
YR2008,FJI,SI.POV.NAHC,0,35.2
YR2013,FJI,SI.POV.NAHC,0,34
YR2002,FJI,SI.POV.NAHC.NC,0,39.8
YR2008,FJI,SI.POV.NAHC.NC,0,35.2
YR2013,FJI,SI.POV.NAHC.NC,0,34
YR2005,FSM,SI.POV.NAHC,0,29.9
YR2013,FSM,SI.POV.NAHC,0,41.2
YR2005,FSM,SI.POV.NAHC.NC,0,29.9
YR2013,FSM,SI.POV.NAHC.NC,0,41.2
YR2005,GAB,SI.POV.NAHC,0,32.7
YR2017,GAB,SI.POV.NAHC,0,33.4
YR2005,GAB,SI.POV.NAHC.NC,0,32.7
YR2017,GAB,SI.POV.NAHC.NC,0,33.4
YR2004,GEO,SI.POV.NAHC,0,34.3
YR2005,GEO,SI.POV.NAHC,0,35.4
YR2006,GEO,SI.POV.NAHC,0,36.9
YR2007,GEO,SI.POV.NAHC,0,38.8
YR2008,GEO,SI.POV.NAHC,0,34.9
YR2009,GEO,SI.POV.NAHC,0,34.9
YR2010,GEO,SI.POV.NAHC,0,37.3
YR2011,GEO,SI.POV.NAHC,0,34.1
YR2012,GEO,SI.POV.NAHC,0,30
YR2013,GEO,SI.POV.NAHC,0,26.2
YR2014,GEO,SI.POV.NAHC,0,23.5
YR2015,GEO,SI.POV.NAHC,0,21.6
YR2016,GEO,SI.POV.NAHC,0,22
YR2017,GEO,SI.POV.NAHC,0,21.9
YR2018,GEO,SI.POV.NAHC,0,20.1
YR2004,GEO,SI.POV.NAHC.NC,0,34.3
YR2005,GEO,SI.POV.NAHC.NC,0,35.4
YR2006,GEO,SI.POV.NAHC.NC,0,36.9
YR2007,GEO,SI.POV.NAHC.NC,0,38.8
YR2008,GEO,SI.POV.NAHC.NC,0,34.9
YR2009,GEO,SI.POV.NAHC.NC,0,34.9
YR2010,GEO,SI.POV.NAHC.NC,0,37.3
YR2011,GEO,SI.POV.NAHC.NC,0,34.1
YR2012,GEO,SI.POV.NAHC.NC,0,30
YR2013,GEO,SI.POV.NAHC.NC,0,26.2
YR2014,GEO,SI.POV.NAHC.NC,0,23.5
YR2015,GEO,SI.POV.NAHC.NC,0,21.6
YR2016,GEO,SI.POV.NAHC.NC,0,22
YR2017,GEO,SI.POV.NAHC.NC,0,21.9
YR2018,GEO,SI.POV.NAHC.NC,0,20.1
YR1991,GHA,SI.POV.NAHC,0,
YR1998,GHA,SI.POV.NAHC,0,
YR2005,GHA,SI.POV.NAHC,0,31.9
YR2012,GHA,SI.POV.NAHC,0,24.2
YR2016,GHA,SI.POV.NAHC,0,23.4
YR1991,GHA,SI.POV.NAHC.NC,0,51.7
YR1998,GHA,SI.POV.NAHC.NC,0,39.5
YR2005,GHA,SI.POV.NAHC.NC,0,31.9
YR2012,GHA,SI.POV.NAHC.NC,0,24.2
YR2016,GHA,SI.POV.NAHC.NC,0,23.4
YR1994,GIN,SI.POV.NAHC,0,62.6
YR2002,GIN,SI.POV.NAHC,0,55.4
YR2007,GIN,SI.POV.NAHC,0,53
YR2012,GIN,SI.POV.NAHC,0,55.2
YR1994,GIN,SI.POV.NAHC.NC,0,62.6
YR2002,GIN,SI.POV.NAHC.NC,0,55.4
YR2007,GIN,SI.POV.NAHC.NC,0,53
YR2012,GIN,SI.POV.NAHC.NC,0,55.2
YR1992,GMB,SI.POV.NAHC,0,
YR1998,GMB,SI.POV.NAHC,0,
YR2003,GMB,SI.POV.NAHC,0,
YR2010,GMB,SI.POV.NAHC,0,48.1
YR2015,GMB,SI.POV.NAHC,0,48.6
YR1992,GMB,SI.POV.NAHC.NC,0,33
YR1998,GMB,SI.POV.NAHC.NC,0,69
YR2003,GMB,SI.POV.NAHC.NC,0,58
YR2010,GMB,SI.POV.NAHC.NC,0,48.1
YR2015,GMB,SI.POV.NAHC.NC,0,48.6
YR1991,GNB,SI.POV.NAHC,0,
YR1993,GNB,SI.POV.NAHC,0,
YR2002,GNB,SI.POV.NAHC,0,64.7
YR2010,GNB,SI.POV.NAHC,0,69.3
YR1991,GNB,SI.POV.NAHC.NC,0,49
YR1993,GNB,SI.POV.NAHC.NC,0,58.5
YR2002,GNB,SI.POV.NAHC.NC,0,64.7
YR2010,GNB,SI.POV.NAHC.NC,0,69.3
YR2006,GNQ,SI.POV.NAHC,0,76.8
YR2006,GNQ,SI.POV.NAHC.NC,0,76.8
YR2000,GTM,SI.POV.NAHC,0,56
YR2006,GTM,SI.POV.NAHC,0,51
YR2014,GTM,SI.POV.NAHC,0,59.3
YR2000,GTM,SI.POV.NAHC.NC,0,56
YR2006,GTM,SI.POV.NAHC.NC,0,51
YR2014,GTM,SI.POV.NAHC.NC,0,59.3
YR2001,HND,SI.POV.NAHC,0,
YR2002,HND,SI.POV.NAHC,0,
YR2003,HND,SI.POV.NAHC,0,
YR2004,HND,SI.POV.NAHC,0,
YR2005,HND,SI.POV.NAHC,0,
YR2006,HND,SI.POV.NAHC,0,
YR2007,HND,SI.POV.NAHC,0,
YR2008,HND,SI.POV.NAHC,0,
YR2009,HND,SI.POV.NAHC,0,
YR2010,HND,SI.POV.NAHC,0,
YR2011,HND,SI.POV.NAHC,0,
YR2012,HND,SI.POV.NAHC,0,
YR2013,HND,SI.POV.NAHC,0,
YR2014,HND,SI.POV.NAHC,0,50.2
YR2015,HND,SI.POV.NAHC,0,52.2
YR2016,HND,SI.POV.NAHC,0,49.7
YR2017,HND,SI.POV.NAHC,0,49.8
YR2018,HND,SI.POV.NAHC,0,48.3
YR2001,HND,SI.POV.NAHC.NC,0,63.7
YR2002,HND,SI.POV.NAHC.NC,0,64.8
YR2003,HND,SI.POV.NAHC.NC,0,65.1
YR2004,HND,SI.POV.NAHC.NC,0,64.7
YR2005,HND,SI.POV.NAHC.NC,0,63.7
YR2006,HND,SI.POV.NAHC.NC,0,59.9
YR2007,HND,SI.POV.NAHC.NC,0,58.2
YR2008,HND,SI.POV.NAHC.NC,0,59.2
YR2009,HND,SI.POV.NAHC.NC,0,58.8
YR2010,HND,SI.POV.NAHC.NC,0,60
YR2011,HND,SI.POV.NAHC.NC,0,61.9
YR2012,HND,SI.POV.NAHC.NC,0,66.5
YR2013,HND,SI.POV.NAHC.NC,0,64.5
YR2014,HND,SI.POV.NAHC.NC,0,50.2
YR2015,HND,SI.POV.NAHC.NC,0,52.2
YR2016,HND,SI.POV.NAHC.NC,0,49.7
YR2017,HND,SI.POV.NAHC.NC,0,49.8
YR2018,HND,SI.POV.NAHC.NC,0,48.3
YR2009,HRV,SI.POV.NAHC,0,20.6
YR2010,HRV,SI.POV.NAHC,0,20.9
YR2011,HRV,SI.POV.NAHC,0,20.4
YR2012,HRV,SI.POV.NAHC,0,19.5
YR2013,HRV,SI.POV.NAHC,0,19.4
YR2014,HRV,SI.POV.NAHC,0,20
YR2015,HRV,SI.POV.NAHC,0,19.5
YR2016,HRV,SI.POV.NAHC,0,20
YR2017,HRV,SI.POV.NAHC,0,19.4
YR2009,HRV,SI.POV.NAHC.NC,0,20.6
YR2010,HRV,SI.POV.NAHC.NC,0,20.9
YR2011,HRV,SI.POV.NAHC.NC,0,20.4
YR2012,HRV,SI.POV.NAHC.NC,0,19.5
YR2013,HRV,SI.POV.NAHC.NC,0,19.4
YR2014,HRV,SI.POV.NAHC.NC,0,20
YR2015,HRV,SI.POV.NAHC.NC,0,19.5
YR2016,HRV,SI.POV.NAHC.NC,0,20
YR2017,HRV,SI.POV.NAHC.NC,0,19.4
YR1987,HTI,SI.POV.NAHC,0,
YR2000,HTI,SI.POV.NAHC,0,
YR2001,HTI,SI.POV.NAHC,0,
YR2012,HTI,SI.POV.NAHC,0,58.5
YR1987,HTI,SI.POV.NAHC.NC,0,59.6
YR2000,HTI,SI.POV.NAHC.NC,0,48
YR2001,HTI,SI.POV.NAHC.NC,0,77
YR2012,HTI,SI.POV.NAHC.NC,0,58.5
YR2004,HUN,SI.POV.NAHC,0,13.5
YR2005,HUN,SI.POV.NAHC,0,15.9
YR2006,HUN,SI.POV.NAHC,0,12.3
YR2007,HUN,SI.POV.NAHC,0,12.4
YR2008,HUN,SI.POV.NAHC,0,12.4
YR2009,HUN,SI.POV.NAHC,0,12.3
YR2010,HUN,SI.POV.NAHC,0,14.1
YR2011,HUN,SI.POV.NAHC,0,14.3
YR2012,HUN,SI.POV.NAHC,0,15
YR2013,HUN,SI.POV.NAHC,0,15
YR2014,HUN,SI.POV.NAHC,0,14.9
YR2004,HUN,SI.POV.NAHC.NC,0,13.5
YR2005,HUN,SI.POV.NAHC.NC,0,15.9
YR2006,HUN,SI.POV.NAHC.NC,0,12.3
YR2007,HUN,SI.POV.NAHC.NC,0,12.4
YR2008,HUN,SI.POV.NAHC.NC,0,12.4
YR2009,HUN,SI.POV.NAHC.NC,0,12.3
YR2010,HUN,SI.POV.NAHC.NC,0,14.1
YR2011,HUN,SI.POV.NAHC.NC,0,14.3
YR2012,HUN,SI.POV.NAHC.NC,0,15
YR2013,HUN,SI.POV.NAHC.NC,0,15
YR2014,HUN,SI.POV.NAHC.NC,0,14.9
YR1996,IDN,SI.POV.NAHC,0,
YR1999,IDN,SI.POV.NAHC,0,
YR2000,IDN,SI.POV.NAHC,0,19.1
YR2001,IDN,SI.POV.NAHC,0,18.4
YR2002,IDN,SI.POV.NAHC,0,18.2
YR2003,IDN,SI.POV.NAHC,0,17.4
YR2004,IDN,SI.POV.NAHC,0,16.7
YR2005,IDN,SI.POV.NAHC,0,16
YR2006,IDN,SI.POV.NAHC,0,17.8
YR2007,IDN,SI.POV.NAHC,0,16.6
YR2008,IDN,SI.POV.NAHC,0,15.4
YR2009,IDN,SI.POV.NAHC,0,14.1
YR2010,IDN,SI.POV.NAHC,0,13.3
YR2011,IDN,SI.POV.NAHC,0,12.5
YR2012,IDN,SI.POV.NAHC,0,12
YR2013,IDN,SI.POV.NAHC,0,11.4
YR2014,IDN,SI.POV.NAHC,0,11.3
YR2015,IDN,SI.POV.NAHC,0,11.2
YR2016,IDN,SI.POV.NAHC,0,10.9
YR2017,IDN,SI.POV.NAHC,0,10.6
YR2018,IDN,SI.POV.NAHC,0,9.8
YR1996,IDN,SI.POV.NAHC.NC,0,17.5
YR1999,IDN,SI.POV.NAHC.NC,0,23.4
YR2000,IDN,SI.POV.NAHC.NC,0,19.1
YR2001,IDN,SI.POV.NAHC.NC,0,18.4
YR2002,IDN,SI.POV.NAHC.NC,0,18.2
YR2003,IDN,SI.POV.NAHC.NC,0,17.4
YR2004,IDN,SI.POV.NAHC.NC,0,16.7
YR2005,IDN,SI.POV.NAHC.NC,0,16
YR2006,IDN,SI.POV.NAHC.NC,0,17.8
YR2007,IDN,SI.POV.NAHC.NC,0,16.6
YR2008,IDN,SI.POV.NAHC.NC,0,15.4
YR2009,IDN,SI.POV.NAHC.NC,0,14.2
YR2010,IDN,SI.POV.NAHC.NC,0,13.3
YR2011,IDN,SI.POV.NAHC.NC,0,12.5
YR2012,IDN,SI.POV.NAHC.NC,0,12
YR2013,IDN,SI.POV.NAHC.NC,0,11.4
YR2014,IDN,SI.POV.NAHC.NC,0,11.3
YR2015,IDN,SI.POV.NAHC.NC,0,11.2
YR2016,IDN,SI.POV.NAHC.NC,0,10.9
YR2017,IDN,SI.POV.NAHC.NC,0,10.6
YR2018,IDN,SI.POV.NAHC.NC,0,9.8
YR1993,IND,SI.POV.NAHC,0,45.3
YR2004,IND,SI.POV.NAHC,0,37.2
YR2009,IND,SI.POV.NAHC,0,29.8
YR2011,IND,SI.POV.NAHC,0,21.9
YR1993,IND,SI.POV.NAHC.NC,0,45.3
YR2004,IND,SI.POV.NAHC.NC,0,37.2
YR2009,IND,SI.POV.NAHC.NC,0,29.8
YR2011,IND,SI.POV.NAHC.NC,0,21.9
YR2006,IRQ,SI.POV.NAHC,0,22.4
YR2012,IRQ,SI.POV.NAHC,0,18.9
YR2006,IRQ,SI.POV.NAHC.NC,0,22.4
YR2012,IRQ,SI.POV.NAHC.NC,0,18.9
YR1989,JAM,SI.POV.NAHC,0,30.5
YR1990,JAM,SI.POV.NAHC,0,28.4
YR1991,JAM,SI.POV.NAHC,0,44.6
YR1992,JAM,SI.POV.NAHC,0,33.9
YR1993,JAM,SI.POV.NAHC,0,24.4
YR1994,JAM,SI.POV.NAHC,0,22.8
YR1995,JAM,SI.POV.NAHC,0,27.5
YR1996,JAM,SI.POV.NAHC,0,26.1
YR1997,JAM,SI.POV.NAHC,0,19.9
YR1998,JAM,SI.POV.NAHC,0,15.9
YR1999,JAM,SI.POV.NAHC,0,16.9
YR2000,JAM,SI.POV.NAHC,0,18.7
YR2001,JAM,SI.POV.NAHC,0,16.9
YR2002,JAM,SI.POV.NAHC,0,19.7
YR2003,JAM,SI.POV.NAHC,0,19.1
YR2004,JAM,SI.POV.NAHC,0,16.9
YR2005,JAM,SI.POV.NAHC,0,14.8
YR2006,JAM,SI.POV.NAHC,0,14.3
YR2007,JAM,SI.POV.NAHC,0,9.9
YR2008,JAM,SI.POV.NAHC,0,12.3
YR2009,JAM,SI.POV.NAHC,0,16.5
YR2010,JAM,SI.POV.NAHC,0,17.6
YR2012,JAM,SI.POV.NAHC,0,19.9
YR1989,JAM,SI.POV.NAHC.NC,0,30.5
YR1990,JAM,SI.POV.NAHC.NC,0,28.4
YR1991,JAM,SI.POV.NAHC.NC,0,44.6
YR1992,JAM,SI.POV.NAHC.NC,0,33.9
YR1993,JAM,SI.POV.NAHC.NC,0,24.4
YR1994,JAM,SI.POV.NAHC.NC,0,22.8
YR1995,JAM,SI.POV.NAHC.NC,0,27.5
YR1996,JAM,SI.POV.NAHC.NC,0,26.1
YR1997,JAM,SI.POV.NAHC.NC,0,19.9
YR1998,JAM,SI.POV.NAHC.NC,0,15.9
YR1999,JAM,SI.POV.NAHC.NC,0,16.9
YR2000,JAM,SI.POV.NAHC.NC,0,18.7
YR2001,JAM,SI.POV.NAHC.NC,0,16.9
YR2002,JAM,SI.POV.NAHC.NC,0,19.7
YR2003,JAM,SI.POV.NAHC.NC,0,19.1
YR2004,JAM,SI.POV.NAHC.NC,0,16.9
YR2005,JAM,SI.POV.NAHC.NC,0,14.8
YR2006,JAM,SI.POV.NAHC.NC,0,14.3
YR2007,JAM,SI.POV.NAHC.NC,0,9.9
YR2008,JAM,SI.POV.NAHC.NC,0,12.3
YR2009,JAM,SI.POV.NAHC.NC,0,16.5
YR2010,JAM,SI.POV.NAHC.NC,0,17.6
YR2012,JAM,SI.POV.NAHC.NC,0,19.9
YR2006,JOR,SI.POV.NAHC,0,
YR2008,JOR,SI.POV.NAHC,0,13.3
YR2010,JOR,SI.POV.NAHC,0,14.4
YR2006,JOR,SI.POV.NAHC.NC,0,13
YR2008,JOR,SI.POV.NAHC.NC,0,13.3
YR2010,JOR,SI.POV.NAHC.NC,0,14.4
YR2001,KAZ,SI.POV.NAHC,0,46.7
YR2002,KAZ,SI.POV.NAHC,0,44.5
YR2003,KAZ,SI.POV.NAHC,0,37.5
YR2004,KAZ,SI.POV.NAHC,0,33.9
YR2005,KAZ,SI.POV.NAHC,0,31.6
YR2006,KAZ,SI.POV.NAHC,0,18.2
YR2007,KAZ,SI.POV.NAHC,0,12.7
YR2008,KAZ,SI.POV.NAHC,0,12.1
YR2009,KAZ,SI.POV.NAHC,0,8.2
YR2010,KAZ,SI.POV.NAHC,0,6.5
YR2011,KAZ,SI.POV.NAHC,0,5.5
YR2012,KAZ,SI.POV.NAHC,0,3.8
YR2013,KAZ,SI.POV.NAHC,0,2.9
YR2014,KAZ,SI.POV.NAHC,0,2.8
YR2015,KAZ,SI.POV.NAHC,0,2.7
YR2016,KAZ,SI.POV.NAHC,0,2.5
YR2017,KAZ,SI.POV.NAHC,0,2.5
YR2001,KAZ,SI.POV.NAHC.NC,0,46.7
YR2002,KAZ,SI.POV.NAHC.NC,0,44.5
YR2003,KAZ,SI.POV.NAHC.NC,0,37.5
YR2004,KAZ,SI.POV.NAHC.NC,0,33.9
YR2005,KAZ,SI.POV.NAHC.NC,0,31.6
YR2006,KAZ,SI.POV.NAHC.NC,0,18.2
YR2007,KAZ,SI.POV.NAHC.NC,0,12.7
YR2008,KAZ,SI.POV.NAHC.NC,0,12.1
YR2009,KAZ,SI.POV.NAHC.NC,0,8.2
YR2010,KAZ,SI.POV.NAHC.NC,0,6.5
YR2011,KAZ,SI.POV.NAHC.NC,0,5.5
YR2012,KAZ,SI.POV.NAHC.NC,0,3.8
YR2013,KAZ,SI.POV.NAHC.NC,0,2.9
YR2014,KAZ,SI.POV.NAHC.NC,0,2.8
YR2015,KAZ,SI.POV.NAHC.NC,0,2.7
YR2016,KAZ,SI.POV.NAHC.NC,0,2.5
YR2017,KAZ,SI.POV.NAHC.NC,0,2.5
YR1992,KEN,SI.POV.NAHC,0,
YR1994,KEN,SI.POV.NAHC,0,
YR1997,KEN,SI.POV.NAHC,0,
YR2005,KEN,SI.POV.NAHC,0,46.8
YR2015,KEN,SI.POV.NAHC,0,36.1
YR1992,KEN,SI.POV.NAHC.NC,0,57.2
YR1994,KEN,SI.POV.NAHC.NC,0,40.3
YR1997,KEN,SI.POV.NAHC.NC,0,52.3
YR2005,KEN,SI.POV.NAHC.NC,0,46.8
YR2015,KEN,SI.POV.NAHC.NC,0,36.1
YR2006,KGZ,SI.POV.NAHC,0,39.9
YR2007,KGZ,SI.POV.NAHC,0,35
YR2008,KGZ,SI.POV.NAHC,0,31.7
YR2009,KGZ,SI.POV.NAHC,0,31.7
YR2010,KGZ,SI.POV.NAHC,0,33.7
YR2011,KGZ,SI.POV.NAHC,0,36.8
YR2012,KGZ,SI.POV.NAHC,0,38
YR2013,KGZ,SI.POV.NAHC,0,37
YR2014,KGZ,SI.POV.NAHC,0,30.6
YR2015,KGZ,SI.POV.NAHC,0,32.1
YR2016,KGZ,SI.POV.NAHC,0,25.4
YR2017,KGZ,SI.POV.NAHC,0,25.6
YR2018,KGZ,SI.POV.NAHC,0,22.4
YR2006,KGZ,SI.POV.NAHC.NC,0,39.9
YR2007,KGZ,SI.POV.NAHC.NC,0,35
YR2008,KGZ,SI.POV.NAHC.NC,0,31.7
YR2009,KGZ,SI.POV.NAHC.NC,0,31.7
YR2010,KGZ,SI.POV.NAHC.NC,0,33.7
YR2011,KGZ,SI.POV.NAHC.NC,0,36.8
YR2012,KGZ,SI.POV.NAHC.NC,0,38
YR2013,KGZ,SI.POV.NAHC.NC,0,37
YR2014,KGZ,SI.POV.NAHC.NC,0,30.6
YR2015,KGZ,SI.POV.NAHC.NC,0,32.1
YR2016,KGZ,SI.POV.NAHC.NC,0,25.4
YR2017,KGZ,SI.POV.NAHC.NC,0,25.6
YR2018,KGZ,SI.POV.NAHC.NC,0,22.4
YR1994,KHM,SI.POV.NAHC,0,
YR2003,KHM,SI.POV.NAHC,0,50.2
YR2006,KHM,SI.POV.NAHC,0,45
YR2008,KHM,SI.POV.NAHC,0,34
YR2009,KHM,SI.POV.NAHC,0,23.9
YR2010,KHM,SI.POV.NAHC,0,22.1
YR2011,KHM,SI.POV.NAHC,0,20.5
YR2012,KHM,SI.POV.NAHC,0,17.7
YR1994,KHM,SI.POV.NAHC.NC,0,47
YR2003,KHM,SI.POV.NAHC.NC,0,50.2
YR2006,KHM,SI.POV.NAHC.NC,0,45
YR2008,KHM,SI.POV.NAHC.NC,0,34
YR2009,KHM,SI.POV.NAHC.NC,0,23.9
YR2010,KHM,SI.POV.NAHC.NC,0,22.1
YR2011,KHM,SI.POV.NAHC.NC,0,20.5
YR2012,KHM,SI.POV.NAHC.NC,0,17.7
YR2006,KIR,SI.POV.NAHC,0,21.8
YR2006,KIR,SI.POV.NAHC.NC,0,21.8
YR1992,LAO,SI.POV.NAHC,0,
YR1997,LAO,SI.POV.NAHC,0,39.1
YR2002,LAO,SI.POV.NAHC,0,33.5
YR2007,LAO,SI.POV.NAHC,0,27.6
YR2012,LAO,SI.POV.NAHC,0,23.4
YR1992,LAO,SI.POV.NAHC.NC,0,46
YR1997,LAO,SI.POV.NAHC.NC,0,39.1
YR2002,LAO,SI.POV.NAHC.NC,0,33.5
YR2007,LAO,SI.POV.NAHC.NC,0,27.6
YR2012,LAO,SI.POV.NAHC.NC,0,23.4
YR2004,LBN,SI.POV.NAHC,0,
YR2012,LBN,SI.POV.NAHC,0,27.4
YR2004,LBN,SI.POV.NAHC.NC,0,28.6
YR2012,LBN,SI.POV.NAHC.NC,0,27.4
YR2007,LBR,SI.POV.NAHC,0,63.8
YR2014,LBR,SI.POV.NAHC,0,54.1
YR2016,LBR,SI.POV.NAHC,0,50.9
YR2007,LBR,SI.POV.NAHC.NC,0,63.8
YR2014,LBR,SI.POV.NAHC.NC,0,54.1
YR2016,LBR,SI.POV.NAHC.NC,0,50.9
YR2016,LCA,SI.POV.NAHC,0,25
YR2016,LCA,SI.POV.NAHC.NC,0,25
YR1990,LKA,SI.POV.NAHC,0,
YR1995,LKA,SI.POV.NAHC,0,
YR2002,LKA,SI.POV.NAHC,0,22.7
YR2006,LKA,SI.POV.NAHC,0,15.2
YR2009,LKA,SI.POV.NAHC,0,8.9
YR2012,LKA,SI.POV.NAHC,0,6.7
YR2016,LKA,SI.POV.NAHC,0,4.1
YR1990,LKA,SI.POV.NAHC.NC,0,26.1
YR1995,LKA,SI.POV.NAHC.NC,0,28.8
YR2002,LKA,SI.POV.NAHC.NC,0,22.7
YR2006,LKA,SI.POV.NAHC.NC,0,15.2
YR2009,LKA,SI.POV.NAHC.NC,0,8.9
YR2012,LKA,SI.POV.NAHC.NC,0,6.7
YR2016,LKA,SI.POV.NAHC.NC,0,4.1
YR1986,LSO,SI.POV.NAHC,0,
YR1993,LSO,SI.POV.NAHC,0,
YR1994,LSO,SI.POV.NAHC,0,
YR2002,LSO,SI.POV.NAHC,0,56.6
YR2017,LSO,SI.POV.NAHC,0,49.7
YR1986,LSO,SI.POV.NAHC.NC,0,46.8
YR1993,LSO,SI.POV.NAHC.NC,0,49.2
YR1994,LSO,SI.POV.NAHC.NC,0,66.6
YR2002,LSO,SI.POV.NAHC.NC,0,56.6
YR2017,LSO,SI.POV.NAHC.NC,0,49.7
YR2004,LTU,SI.POV.NAHC,0,20.5
YR2005,LTU,SI.POV.NAHC,0,20
YR2006,LTU,SI.POV.NAHC,0,19.1
YR2007,LTU,SI.POV.NAHC,0,20.9
YR2008,LTU,SI.POV.NAHC,0,20.3
YR2009,LTU,SI.POV.NAHC,0,20.5
YR2010,LTU,SI.POV.NAHC,0,19.2
YR2011,LTU,SI.POV.NAHC,0,18.6
YR2012,LTU,SI.POV.NAHC,0,20.6
YR2013,LTU,SI.POV.NAHC,0,19.1
YR2014,LTU,SI.POV.NAHC,0,22.2
YR2004,LTU,SI.POV.NAHC.NC,0,20.5
YR2005,LTU,SI.POV.NAHC.NC,0,20
YR2006,LTU,SI.POV.NAHC.NC,0,19.1
YR2007,LTU,SI.POV.NAHC.NC,0,20.9
YR2008,LTU,SI.POV.NAHC.NC,0,20.3
YR2009,LTU,SI.POV.NAHC.NC,0,20.5
YR2010,LTU,SI.POV.NAHC.NC,0,19.2
YR2011,LTU,SI.POV.NAHC.NC,0,18.6
YR2012,LTU,SI.POV.NAHC.NC,0,20.6
YR2013,LTU,SI.POV.NAHC.NC,0,19.1
YR2014,LTU,SI.POV.NAHC.NC,0,22.2
YR2002,LVA,SI.POV.NAHC,0,
YR2004,LVA,SI.POV.NAHC,0,19.4
YR2005,LVA,SI.POV.NAHC,0,23.5
YR2006,LVA,SI.POV.NAHC,0,21.2
YR2007,LVA,SI.POV.NAHC,0,25.9
YR2008,LVA,SI.POV.NAHC,0,26.4
YR2009,LVA,SI.POV.NAHC,0,20.9
YR2010,LVA,SI.POV.NAHC,0,19
YR2011,LVA,SI.POV.NAHC,0,19.2
YR2012,LVA,SI.POV.NAHC,0,19.4
YR2013,LVA,SI.POV.NAHC,0,21.2
YR2014,LVA,SI.POV.NAHC,0,22.5
YR2002,LVA,SI.POV.NAHC.NC,0,7.5
YR2004,LVA,SI.POV.NAHC.NC,0,19.4
YR2005,LVA,SI.POV.NAHC.NC,0,23.5
YR2006,LVA,SI.POV.NAHC.NC,0,21.2
YR2007,LVA,SI.POV.NAHC.NC,0,25.9
YR2008,LVA,SI.POV.NAHC.NC,0,26.4
YR2009,LVA,SI.POV.NAHC.NC,0,20.9
YR2010,LVA,SI.POV.NAHC.NC,0,19
YR2011,LVA,SI.POV.NAHC.NC,0,19.2
YR2012,LVA,SI.POV.NAHC.NC,0,19.4
YR2013,LVA,SI.POV.NAHC.NC,0,21.2
YR2014,LVA,SI.POV.NAHC.NC,0,22.5
YR1998,MAR,SI.POV.NAHC,0,16.3
YR2000,MAR,SI.POV.NAHC,0,15.3
YR2007,MAR,SI.POV.NAHC,0,8.9
YR2013,MAR,SI.POV.NAHC,0,4.8
YR1998,MAR,SI.POV.NAHC.NC,0,16.3
YR2000,MAR,SI.POV.NAHC.NC,0,15.3
YR2007,MAR,SI.POV.NAHC.NC,0,8.9
YR2013,MAR,SI.POV.NAHC.NC,0,4.8
YR2001,MDA,SI.POV.NAHC,0,54.6
YR2002,MDA,SI.POV.NAHC,0,40.4
YR2003,MDA,SI.POV.NAHC,0,29
YR2004,MDA,SI.POV.NAHC,0,26.5
YR2006,MDA,SI.POV.NAHC,0,30.2
YR2007,MDA,SI.POV.NAHC,0,25.8
YR2008,MDA,SI.POV.NAHC,0,26.4
YR2009,MDA,SI.POV.NAHC,0,26.3
YR2010,MDA,SI.POV.NAHC,0,21.9
YR2011,MDA,SI.POV.NAHC,0,17.5
YR2012,MDA,SI.POV.NAHC,0,16.6
YR2013,MDA,SI.POV.NAHC,0,12.7
YR2014,MDA,SI.POV.NAHC,0,11.4
YR2015,MDA,SI.POV.NAHC,0,9.6
YR2001,MDA,SI.POV.NAHC.NC,0,54.6
YR2002,MDA,SI.POV.NAHC.NC,0,40.4
YR2003,MDA,SI.POV.NAHC.NC,0,29
YR2004,MDA,SI.POV.NAHC.NC,0,26.5
YR2006,MDA,SI.POV.NAHC.NC,0,30.2
YR2007,MDA,SI.POV.NAHC.NC,0,25.8
YR2008,MDA,SI.POV.NAHC.NC,0,26.4
YR2009,MDA,SI.POV.NAHC.NC,0,26.3
YR2010,MDA,SI.POV.NAHC.NC,0,21.9
YR2011,MDA,SI.POV.NAHC.NC,0,17.5
YR2012,MDA,SI.POV.NAHC.NC,0,16.6
YR2013,MDA,SI.POV.NAHC.NC,0,12.7
YR2014,MDA,SI.POV.NAHC.NC,0,11.4
YR2015,MDA,SI.POV.NAHC.NC,0,9.6
YR1993,MDG,SI.POV.NAHC,0,
YR1997,MDG,SI.POV.NAHC,0,
YR1999,MDG,SI.POV.NAHC,0,
YR2001,MDG,SI.POV.NAHC,0,70.8
YR2002,MDG,SI.POV.NAHC,0,
YR2004,MDG,SI.POV.NAHC,0,
YR2005,MDG,SI.POV.NAHC,0,73.2
YR2010,MDG,SI.POV.NAHC,0,71.7
YR2012,MDG,SI.POV.NAHC,0,70.7
YR1993,MDG,SI.POV.NAHC.NC,0,70
YR1997,MDG,SI.POV.NAHC.NC,0,73.3
YR1999,MDG,SI.POV.NAHC.NC,0,71.3
YR2001,MDG,SI.POV.NAHC.NC,0,70.8
YR2002,MDG,SI.POV.NAHC.NC,0,80.7
YR2004,MDG,SI.POV.NAHC.NC,0,72.1
YR2005,MDG,SI.POV.NAHC.NC,0,73.2
YR2010,MDG,SI.POV.NAHC.NC,0,71.7
YR2012,MDG,SI.POV.NAHC.NC,0,70.7
YR2002,MDV,SI.POV.NAHC,0,
YR2009,MDV,SI.POV.NAHC,0,
YR2016,MDV,SI.POV.NAHC,0,8.2
YR2002,MDV,SI.POV.NAHC.NC,0,23
YR2009,MDV,SI.POV.NAHC.NC,0,15.7
YR2016,MDV,SI.POV.NAHC.NC,0,8.2
YR1984,MEX,SI.POV.NAHC,0,
YR1989,MEX,SI.POV.NAHC,0,
YR1992,MEX,SI.POV.NAHC,0,
YR1994,MEX,SI.POV.NAHC,0,
YR1996,MEX,SI.POV.NAHC,0,
YR1998,MEX,SI.POV.NAHC,0,
YR2000,MEX,SI.POV.NAHC,0,
YR2002,MEX,SI.POV.NAHC,0,
YR2004,MEX,SI.POV.NAHC,0,
YR2005,MEX,SI.POV.NAHC,0,
YR2006,MEX,SI.POV.NAHC,0,
YR2008,MEX,SI.POV.NAHC,0,
YR2010,MEX,SI.POV.NAHC,0,
YR2012,MEX,SI.POV.NAHC,0,
YR2014,MEX,SI.POV.NAHC,0,
YR2016,MEX,SI.POV.NAHC,0,43.6
YR2018,MEX,SI.POV.NAHC,0,41.9
YR1984,MEX,SI.POV.NAHC.NC,0,53
YR1989,MEX,SI.POV.NAHC.NC,0,53.5
YR1992,MEX,SI.POV.NAHC.NC,0,53.1
YR1994,MEX,SI.POV.NAHC.NC,0,52.4
YR1996,MEX,SI.POV.NAHC.NC,0,69
YR1998,MEX,SI.POV.NAHC.NC,0,63.7
YR2000,MEX,SI.POV.NAHC.NC,0,53.6
YR2002,MEX,SI.POV.NAHC.NC,0,50
YR2004,MEX,SI.POV.NAHC.NC,0,47.2
YR2005,MEX,SI.POV.NAHC.NC,0,47
YR2006,MEX,SI.POV.NAHC.NC,0,42.9
YR2008,MEX,SI.POV.NAHC.NC,0,44.4
YR2010,MEX,SI.POV.NAHC.NC,0,46.1
YR2012,MEX,SI.POV.NAHC.NC,0,45.5
YR2014,MEX,SI.POV.NAHC.NC,0,46.2
YR2016,MEX,SI.POV.NAHC.NC,0,43.6
YR2018,MEX,SI.POV.NAHC.NC,0,41.9
YR2002,MKD,SI.POV.NAHC,0,
YR2003,MKD,SI.POV.NAHC,0,
YR2004,MKD,SI.POV.NAHC,0,
YR2005,MKD,SI.POV.NAHC,0,
YR2006,MKD,SI.POV.NAHC,0,
YR2009,MKD,SI.POV.NAHC,0,
YR2010,MKD,SI.POV.NAHC,0,27
YR2011,MKD,SI.POV.NAHC,0,26.8
YR2012,MKD,SI.POV.NAHC,0,26.2
YR2013,MKD,SI.POV.NAHC,0,24.2
YR2014,MKD,SI.POV.NAHC,0,22.1
YR2015,MKD,SI.POV.NAHC,0,21.5
YR2016,MKD,SI.POV.NAHC,0,21.9
YR2017,MKD,SI.POV.NAHC,0,22.2
YR2018,MKD,SI.POV.NAHC,0,21.9
YR2002,MKD,SI.POV.NAHC.NC,0,19.1
YR2003,MKD,SI.POV.NAHC.NC,0,19.2
YR2004,MKD,SI.POV.NAHC.NC,0,18.5
YR2005,MKD,SI.POV.NAHC.NC,0,20.4
YR2006,MKD,SI.POV.NAHC.NC,0,19
YR2009,MKD,SI.POV.NAHC.NC,0,27.3
YR2010,MKD,SI.POV.NAHC.NC,0,27
YR2011,MKD,SI.POV.NAHC.NC,0,26.8
YR2012,MKD,SI.POV.NAHC.NC,0,26.2
YR2013,MKD,SI.POV.NAHC.NC,0,24.2
YR2014,MKD,SI.POV.NAHC.NC,0,22.1
YR2015,MKD,SI.POV.NAHC.NC,0,21.5
YR2016,MKD,SI.POV.NAHC.NC,0,21.9
YR2017,MKD,SI.POV.NAHC.NC,0,22.2
YR2018,MKD,SI.POV.NAHC.NC,0,21.9
YR2001,MLI,SI.POV.NAHC,0,50.9
YR2006,MLI,SI.POV.NAHC,0,41.7
YR2009,MLI,SI.POV.NAHC,0,41.1
YR2001,MLI,SI.POV.NAHC.NC,0,50.9
YR2006,MLI,SI.POV.NAHC.NC,0,41.7
YR2009,MLI,SI.POV.NAHC.NC,0,41.1
YR2005,MMR,SI.POV.NAHC,0,48.2
YR2010,MMR,SI.POV.NAHC,0,42.2
YR2015,MMR,SI.POV.NAHC,0,32.1
YR2017,MMR,SI.POV.NAHC,0,24.8
YR2005,MMR,SI.POV.NAHC.NC,0,48.2
YR2010,MMR,SI.POV.NAHC.NC,0,42.2
YR2015,MMR,SI.POV.NAHC.NC,0,32.1
YR2017,MMR,SI.POV.NAHC.NC,0,24.8
YR2005,MNE,SI.POV.NAHC,0,
YR2006,MNE,SI.POV.NAHC,0,
YR2007,MNE,SI.POV.NAHC,0,
YR2008,MNE,SI.POV.NAHC,0,
YR2009,MNE,SI.POV.NAHC,0,
YR2010,MNE,SI.POV.NAHC,0,
YR2011,MNE,SI.POV.NAHC,0,
YR2012,MNE,SI.POV.NAHC,0,25.2
YR2013,MNE,SI.POV.NAHC,0,24.1
YR2014,MNE,SI.POV.NAHC,0,24.4
YR2015,MNE,SI.POV.NAHC,0,24
YR2016,MNE,SI.POV.NAHC,0,23.6
YR2005,MNE,SI.POV.NAHC.NC,0,11.2
YR2006,MNE,SI.POV.NAHC.NC,0,11.3
YR2007,MNE,SI.POV.NAHC.NC,0,8
YR2008,MNE,SI.POV.NAHC.NC,0,4.9
YR2009,MNE,SI.POV.NAHC.NC,0,6.8
YR2010,MNE,SI.POV.NAHC.NC,0,6.6
YR2011,MNE,SI.POV.NAHC.NC,0,9.3
YR2012,MNE,SI.POV.NAHC.NC,0,25.2
YR2013,MNE,SI.POV.NAHC.NC,0,24.1
YR2014,MNE,SI.POV.NAHC.NC,0,24.4
YR2015,MNE,SI.POV.NAHC.NC,0,24
YR2016,MNE,SI.POV.NAHC.NC,0,23.6
YR2010,MNG,SI.POV.NAHC,0,38.8
YR2011,MNG,SI.POV.NAHC,0,33.7
YR2012,MNG,SI.POV.NAHC,0,27.4
YR2014,MNG,SI.POV.NAHC,0,21.6
YR2016,MNG,SI.POV.NAHC,0,29.6
YR2018,MNG,SI.POV.NAHC,0,28.4
YR2010,MNG,SI.POV.NAHC.NC,0,38.8
YR2011,MNG,SI.POV.NAHC.NC,0,33.7
YR2012,MNG,SI.POV.NAHC.NC,0,27.4
YR2014,MNG,SI.POV.NAHC.NC,0,21.6
YR2016,MNG,SI.POV.NAHC.NC,0,29.6
YR2018,MNG,SI.POV.NAHC.NC,0,28.4
YR1996,MOZ,SI.POV.NAHC,0,69.4
YR2002,MOZ,SI.POV.NAHC,0,54.1
YR2008,MOZ,SI.POV.NAHC,0,54.7
YR2014,MOZ,SI.POV.NAHC,0,46.1
YR1996,MOZ,SI.POV.NAHC.NC,0,69.4
YR2002,MOZ,SI.POV.NAHC.NC,0,54.1
YR2008,MOZ,SI.POV.NAHC.NC,0,54.7
YR2014,MOZ,SI.POV.NAHC.NC,0,46.1
YR1990,MRT,SI.POV.NAHC,0,
YR1995,MRT,SI.POV.NAHC,0,
YR2000,MRT,SI.POV.NAHC,0,51
YR2004,MRT,SI.POV.NAHC,0,46.7
YR2008,MRT,SI.POV.NAHC,0,42
YR2014,MRT,SI.POV.NAHC,0,31
YR1990,MRT,SI.POV.NAHC.NC,0,56.5
YR1995,MRT,SI.POV.NAHC.NC,0,50.5
YR2000,MRT,SI.POV.NAHC.NC,0,51
YR2004,MRT,SI.POV.NAHC.NC,0,46.7
YR2008,MRT,SI.POV.NAHC.NC,0,42
YR2014,MRT,SI.POV.NAHC.NC,0,31
YR2012,MUS,SI.POV.NAHC,0,7.9
YR2017,MUS,SI.POV.NAHC,0,10.3
YR2012,MUS,SI.POV.NAHC.NC,0,7.9
YR2017,MUS,SI.POV.NAHC.NC,0,10.3
YR1997,MWI,SI.POV.NAHC,0,65.3
YR2004,MWI,SI.POV.NAHC,0,52.4
YR2010,MWI,SI.POV.NAHC,0,50.7
YR2016,MWI,SI.POV.NAHC,0,51.5
YR1997,MWI,SI.POV.NAHC.NC,0,65.3
YR2004,MWI,SI.POV.NAHC.NC,0,52.4
YR2010,MWI,SI.POV.NAHC.NC,0,50.7
YR2016,MWI,SI.POV.NAHC.NC,0,51.5
YR1984,MYS,SI.POV.NAHC,0,
YR1987,MYS,SI.POV.NAHC,0,
YR1989,MYS,SI.POV.NAHC,0,
YR1992,MYS,SI.POV.NAHC,0,
YR1995,MYS,SI.POV.NAHC,0,
YR1997,MYS,SI.POV.NAHC,0,
YR1999,MYS,SI.POV.NAHC,0,
YR2002,MYS,SI.POV.NAHC,0,5.1
YR2004,MYS,SI.POV.NAHC,0,5.7
YR2006,MYS,SI.POV.NAHC,0,3.6
YR2008,MYS,SI.POV.NAHC,0,3.8
YR2011,MYS,SI.POV.NAHC,0,1.7
YR2013,MYS,SI.POV.NAHC,0,.6
YR2015,MYS,SI.POV.NAHC,0,.4
YR1984,MYS,SI.POV.NAHC.NC,0,20.7
YR1987,MYS,SI.POV.NAHC.NC,0,19.4
YR1989,MYS,SI.POV.NAHC.NC,0,16.5
YR1992,MYS,SI.POV.NAHC.NC,0,12.4
YR1995,MYS,SI.POV.NAHC.NC,0,8.7
YR1997,MYS,SI.POV.NAHC.NC,0,6.1
YR1999,MYS,SI.POV.NAHC.NC,0,8.5
YR2002,MYS,SI.POV.NAHC.NC,0,5.1
YR2004,MYS,SI.POV.NAHC.NC,0,5.7
YR2006,MYS,SI.POV.NAHC.NC,0,3.6
YR2008,MYS,SI.POV.NAHC.NC,0,3.8
YR2011,MYS,SI.POV.NAHC.NC,0,1.7
YR2013,MYS,SI.POV.NAHC.NC,0,.6
YR2015,MYS,SI.POV.NAHC.NC,0,.4
YR1993,NAM,SI.POV.NAHC,0,69.3
YR2003,NAM,SI.POV.NAHC,0,37.7
YR2009,NAM,SI.POV.NAHC,0,28.7
YR2015,NAM,SI.POV.NAHC,0,17.4
YR1993,NAM,SI.POV.NAHC.NC,0,69.3
YR2003,NAM,SI.POV.NAHC.NC,0,37.7
YR2009,NAM,SI.POV.NAHC.NC,0,28.7
YR2015,NAM,SI.POV.NAHC.NC,0,17.4
YR1992,NER,SI.POV.NAHC,0,
YR2005,NER,SI.POV.NAHC,0,
YR2007,NER,SI.POV.NAHC,0,
YR2011,NER,SI.POV.NAHC,0,48.9
YR2014,NER,SI.POV.NAHC,0,44.5
YR1992,NER,SI.POV.NAHC.NC,0,63
YR2005,NER,SI.POV.NAHC.NC,0,62.1
YR2007,NER,SI.POV.NAHC.NC,0,59.5
YR2011,NER,SI.POV.NAHC.NC,0,48.9
YR2014,NER,SI.POV.NAHC.NC,0,44.5
YR1985,NGA,SI.POV.NAHC,0,
YR1992,NGA,SI.POV.NAHC,0,
YR1996,NGA,SI.POV.NAHC,0,
YR2003,NGA,SI.POV.NAHC,0,48.4
YR2009,NGA,SI.POV.NAHC,0,46
YR1985,NGA,SI.POV.NAHC.NC,0,43
YR1992,NGA,SI.POV.NAHC.NC,0,34.1
YR1996,NGA,SI.POV.NAHC.NC,0,64.6
YR2003,NGA,SI.POV.NAHC.NC,0,48.4
YR2009,NGA,SI.POV.NAHC.NC,0,46
YR1998,NIC,SI.POV.NAHC,0,
YR2001,NIC,SI.POV.NAHC,0,45.8
YR2005,NIC,SI.POV.NAHC,0,48.3
YR2009,NIC,SI.POV.NAHC,0,42.5
YR2014,NIC,SI.POV.NAHC,0,29.6
YR2016,NIC,SI.POV.NAHC,0,24.9
YR1998,NIC,SI.POV.NAHC.NC,0,47.9
YR2001,NIC,SI.POV.NAHC.NC,0,45.8
YR2005,NIC,SI.POV.NAHC.NC,0,48.3
YR2009,NIC,SI.POV.NAHC.NC,0,42.5
YR2014,NIC,SI.POV.NAHC.NC,0,29.6
YR2016,NIC,SI.POV.NAHC.NC,0,24.9
YR1995,NPL,SI.POV.NAHC,0,
YR2003,NPL,SI.POV.NAHC,0,
YR2010,NPL,SI.POV.NAHC,0,25.2
YR1995,NPL,SI.POV.NAHC.NC,0,41.8
YR2003,NPL,SI.POV.NAHC.NC,0,30.9
YR2010,NPL,SI.POV.NAHC.NC,0,25.2
YR1998,PAK,SI.POV.NAHC,0,57.9
YR2001,PAK,SI.POV.NAHC,0,64.3
YR2004,PAK,SI.POV.NAHC,0,51.7
YR2005,PAK,SI.POV.NAHC,0,50.4
YR2007,PAK,SI.POV.NAHC,0,44.1
YR2010,PAK,SI.POV.NAHC,0,36.8
YR2011,PAK,SI.POV.NAHC,0,36.3
YR2013,PAK,SI.POV.NAHC,0,29.5
YR2015,PAK,SI.POV.NAHC,0,24.3
YR1998,PAK,SI.POV.NAHC.NC,0,57.9
YR2001,PAK,SI.POV.NAHC.NC,0,64.3
YR2004,PAK,SI.POV.NAHC.NC,0,51.7
YR2005,PAK,SI.POV.NAHC.NC,0,50.4
YR2007,PAK,SI.POV.NAHC.NC,0,44.1
YR2010,PAK,SI.POV.NAHC.NC,0,36.8
YR2011,PAK,SI.POV.NAHC.NC,0,36.3
YR2013,PAK,SI.POV.NAHC.NC,0,29.5
YR2015,PAK,SI.POV.NAHC.NC,0,24.3
YR2000,PAN,SI.POV.NAHC,0,37.9
YR2005,PAN,SI.POV.NAHC,0,36.6
YR2006,PAN,SI.POV.NAHC,0,38.3
YR2007,PAN,SI.POV.NAHC,0,36.5
YR2008,PAN,SI.POV.NAHC,0,33.8
YR2009,PAN,SI.POV.NAHC,0,33.4
YR2010,PAN,SI.POV.NAHC,0,29.8
YR2011,PAN,SI.POV.NAHC,0,27.6
YR2012,PAN,SI.POV.NAHC,0,26.5
YR2013,PAN,SI.POV.NAHC,0,25.8
YR2014,PAN,SI.POV.NAHC,0,25.6
YR2015,PAN,SI.POV.NAHC,0,23
YR2016,PAN,SI.POV.NAHC,0,22.1
YR2000,PAN,SI.POV.NAHC.NC,0,37.9
YR2005,PAN,SI.POV.NAHC.NC,0,36.6
YR2006,PAN,SI.POV.NAHC.NC,0,38.3
YR2007,PAN,SI.POV.NAHC.NC,0,36.5
YR2008,PAN,SI.POV.NAHC.NC,0,33.8
YR2009,PAN,SI.POV.NAHC.NC,0,33.4
YR2010,PAN,SI.POV.NAHC.NC,0,29.8
YR2011,PAN,SI.POV.NAHC.NC,0,27.6
YR2012,PAN,SI.POV.NAHC.NC,0,26.5
YR2013,PAN,SI.POV.NAHC.NC,0,25.8
YR2014,PAN,SI.POV.NAHC.NC,0,25.6
YR2015,PAN,SI.POV.NAHC.NC,0,23
YR2016,PAN,SI.POV.NAHC.NC,0,22.1
YR1997,PER,SI.POV.NAHC,0,
YR1998,PER,SI.POV.NAHC,0,
YR1999,PER,SI.POV.NAHC,0,
YR2000,PER,SI.POV.NAHC,0,
YR2001,PER,SI.POV.NAHC,0,
YR2002,PER,SI.POV.NAHC,0,
YR2003,PER,SI.POV.NAHC,0,
YR2004,PER,SI.POV.NAHC,0,58.7
YR2005,PER,SI.POV.NAHC,0,55.6
YR2006,PER,SI.POV.NAHC,0,49.2
YR2007,PER,SI.POV.NAHC,0,42.4
YR2008,PER,SI.POV.NAHC,0,37.3
YR2009,PER,SI.POV.NAHC,0,33.5
YR2010,PER,SI.POV.NAHC,0,30.8
YR2011,PER,SI.POV.NAHC,0,27.8
YR2012,PER,SI.POV.NAHC,0,25.8
YR2013,PER,SI.POV.NAHC,0,23.9
YR2014,PER,SI.POV.NAHC,0,22.7
YR2015,PER,SI.POV.NAHC,0,21.8
YR2016,PER,SI.POV.NAHC,0,20.7
YR2017,PER,SI.POV.NAHC,0,21.7
YR2018,PER,SI.POV.NAHC,0,20.5
YR1997,PER,SI.POV.NAHC.NC,0,42.7
YR1998,PER,SI.POV.NAHC.NC,0,42.4
YR1999,PER,SI.POV.NAHC.NC,0,47.5
YR2000,PER,SI.POV.NAHC.NC,0,48.4
YR2001,PER,SI.POV.NAHC.NC,0,54.8
YR2002,PER,SI.POV.NAHC.NC,0,54.3
YR2003,PER,SI.POV.NAHC.NC,0,52.3
YR2004,PER,SI.POV.NAHC.NC,0,58.7
YR2005,PER,SI.POV.NAHC.NC,0,55.6
YR2006,PER,SI.POV.NAHC.NC,0,49.2
YR2007,PER,SI.POV.NAHC.NC,0,42.4
YR2008,PER,SI.POV.NAHC.NC,0,37.3
YR2009,PER,SI.POV.NAHC.NC,0,33.5
YR2010,PER,SI.POV.NAHC.NC,0,30.8
YR2011,PER,SI.POV.NAHC.NC,0,27.8
YR2012,PER,SI.POV.NAHC.NC,0,25.8
YR2013,PER,SI.POV.NAHC.NC,0,23.9
YR2014,PER,SI.POV.NAHC.NC,0,22.7
YR2015,PER,SI.POV.NAHC.NC,0,21.8
YR2016,PER,SI.POV.NAHC.NC,0,20.7
YR2017,PER,SI.POV.NAHC.NC,0,21.7
YR2018,PER,SI.POV.NAHC.NC,0,20.5
YR1991,PHL,SI.POV.NAHC,0,
YR1994,PHL,SI.POV.NAHC,0,
YR1997,PHL,SI.POV.NAHC,0,
YR2000,PHL,SI.POV.NAHC,0,
YR2003,PHL,SI.POV.NAHC,0,24.9
YR2006,PHL,SI.POV.NAHC,0,26.6
YR2009,PHL,SI.POV.NAHC,0,26.3
YR2012,PHL,SI.POV.NAHC,0,25.2
YR2015,PHL,SI.POV.NAHC,0,21.6
YR1991,PHL,SI.POV.NAHC.NC,0,34.4
YR1994,PHL,SI.POV.NAHC.NC,0,40.6
YR1997,PHL,SI.POV.NAHC.NC,0,36.8
YR2000,PHL,SI.POV.NAHC.NC,0,33
YR2003,PHL,SI.POV.NAHC.NC,0,24.9
YR2006,PHL,SI.POV.NAHC.NC,0,26.6
YR2009,PHL,SI.POV.NAHC.NC,0,26.3
YR2012,PHL,SI.POV.NAHC.NC,0,25.2
YR2015,PHL,SI.POV.NAHC.NC,0,21.6
YR2006,PLW,SI.POV.NAHC,0,24.9
YR2006,PLW,SI.POV.NAHC.NC,0,24.9
YR1996,PNG,SI.POV.NAHC,0,
YR2009,PNG,SI.POV.NAHC,0,39.9
YR1996,PNG,SI.POV.NAHC.NC,0,37.5
YR2009,PNG,SI.POV.NAHC.NC,0,39.9
YR1999,POL,SI.POV.NAHC,0,
YR2000,POL,SI.POV.NAHC,0,
YR2001,POL,SI.POV.NAHC,0,
YR2002,POL,SI.POV.NAHC,0,
YR2004,POL,SI.POV.NAHC,0,20.5
YR2005,POL,SI.POV.NAHC,0,19.1
YR2006,POL,SI.POV.NAHC,0,17.3
YR2007,POL,SI.POV.NAHC,0,16.9
YR2008,POL,SI.POV.NAHC,0,17.1
YR2009,POL,SI.POV.NAHC,0,17.6
YR2010,POL,SI.POV.NAHC,0,17.7
YR2011,POL,SI.POV.NAHC,0,17.1
YR2012,POL,SI.POV.NAHC,0,17.3
YR2013,POL,SI.POV.NAHC,0,17
YR2014,POL,SI.POV.NAHC,0,17.6
YR2015,POL,SI.POV.NAHC,0,17.3
YR2016,POL,SI.POV.NAHC,0,15
YR2017,POL,SI.POV.NAHC,0,14.8
YR2018,POL,SI.POV.NAHC,0,15.4
YR1999,POL,SI.POV.NAHC.NC,0,14.3
YR2000,POL,SI.POV.NAHC.NC,0,14.8
YR2001,POL,SI.POV.NAHC.NC,0,15.6
YR2002,POL,SI.POV.NAHC.NC,0,16.6
YR2004,POL,SI.POV.NAHC.NC,0,20.5
YR2005,POL,SI.POV.NAHC.NC,0,19.1
YR2006,POL,SI.POV.NAHC.NC,0,17.3
YR2007,POL,SI.POV.NAHC.NC,0,16.9
YR2008,POL,SI.POV.NAHC.NC,0,17.1
YR2009,POL,SI.POV.NAHC.NC,0,17.6
YR2010,POL,SI.POV.NAHC.NC,0,17.7
YR2011,POL,SI.POV.NAHC.NC,0,17.1
YR2012,POL,SI.POV.NAHC.NC,0,17.3
YR2013,POL,SI.POV.NAHC.NC,0,17
YR2014,POL,SI.POV.NAHC.NC,0,17.6
YR2015,POL,SI.POV.NAHC.NC,0,17.3
YR2016,POL,SI.POV.NAHC.NC,0,15
YR2017,POL,SI.POV.NAHC.NC,0,14.8
YR2018,POL,SI.POV.NAHC.NC,0,15.4
YR1997,PRY,SI.POV.NAHC,0,
YR1999,PRY,SI.POV.NAHC,0,
YR2001,PRY,SI.POV.NAHC,0,
YR2002,PRY,SI.POV.NAHC,0,57.7
YR2003,PRY,SI.POV.NAHC,0,51.4
YR2004,PRY,SI.POV.NAHC,0,48.8
YR2005,PRY,SI.POV.NAHC,0,44.9
YR2006,PRY,SI.POV.NAHC,0,48.9
YR2007,PRY,SI.POV.NAHC,0,45.3
YR2008,PRY,SI.POV.NAHC,0,43.2
YR2009,PRY,SI.POV.NAHC,0,41.6
YR2010,PRY,SI.POV.NAHC,0,39
YR2011,PRY,SI.POV.NAHC,0,37
YR2012,PRY,SI.POV.NAHC,0,31.4
YR2013,PRY,SI.POV.NAHC,0,28
YR2014,PRY,SI.POV.NAHC,0,27.2
YR2015,PRY,SI.POV.NAHC,0,26.6
YR2016,PRY,SI.POV.NAHC,0,28.9
YR2017,PRY,SI.POV.NAHC,0,26.4
YR2018,PRY,SI.POV.NAHC,0,24.2
YR1997,PRY,SI.POV.NAHC.NC,0,36.1
YR1999,PRY,SI.POV.NAHC.NC,0,37.3
YR2001,PRY,SI.POV.NAHC.NC,0,36.8
YR2002,PRY,SI.POV.NAHC.NC,0,57.7
YR2003,PRY,SI.POV.NAHC.NC,0,51.4
YR2004,PRY,SI.POV.NAHC.NC,0,48.8
YR2005,PRY,SI.POV.NAHC.NC,0,44.9
YR2006,PRY,SI.POV.NAHC.NC,0,48.9
YR2007,PRY,SI.POV.NAHC.NC,0,45.3
YR2008,PRY,SI.POV.NAHC.NC,0,43.2
YR2009,PRY,SI.POV.NAHC.NC,0,41.6
YR2010,PRY,SI.POV.NAHC.NC,0,39
YR2011,PRY,SI.POV.NAHC.NC,0,37
YR2012,PRY,SI.POV.NAHC.NC,0,31.4
YR2013,PRY,SI.POV.NAHC.NC,0,28
YR2014,PRY,SI.POV.NAHC.NC,0,27.2
YR2015,PRY,SI.POV.NAHC.NC,0,26.6
YR2016,PRY,SI.POV.NAHC.NC,0,28.9
YR2017,PRY,SI.POV.NAHC.NC,0,26.4
YR2018,PRY,SI.POV.NAHC.NC,0,24.2
YR2004,PSE,SI.POV.NAHC,0,25.9
YR2005,PSE,SI.POV.NAHC,0,24.3
YR2006,PSE,SI.POV.NAHC,0,24
YR2007,PSE,SI.POV.NAHC,0,31.2
YR2008,PSE,SI.POV.NAHC,0,22.6
YR2009,PSE,SI.POV.NAHC,0,22.6
YR2010,PSE,SI.POV.NAHC,0,25.7
YR2011,PSE,SI.POV.NAHC,0,25.8
YR2016,PSE,SI.POV.NAHC,0,29.2
YR2004,PSE,SI.POV.NAHC.NC,0,25.9
YR2005,PSE,SI.POV.NAHC.NC,0,24.3
YR2006,PSE,SI.POV.NAHC.NC,0,24
YR2007,PSE,SI.POV.NAHC.NC,0,31.2
YR2008,PSE,SI.POV.NAHC.NC,0,22.6
YR2009,PSE,SI.POV.NAHC.NC,0,22.6
YR2010,PSE,SI.POV.NAHC.NC,0,25.7
YR2011,PSE,SI.POV.NAHC.NC,0,25.8
YR2016,PSE,SI.POV.NAHC.NC,0,29.2
YR2000,ROU,SI.POV.NAHC,0,
YR2001,ROU,SI.POV.NAHC,0,
YR2002,ROU,SI.POV.NAHC,0,
YR2003,ROU,SI.POV.NAHC,0,
YR2004,ROU,SI.POV.NAHC,0,
YR2005,ROU,SI.POV.NAHC,0,
YR2006,ROU,SI.POV.NAHC,0,24.6
YR2007,ROU,SI.POV.NAHC,0,23.6
YR2008,ROU,SI.POV.NAHC,0,22.1
YR2009,ROU,SI.POV.NAHC,0,21.6
YR2010,ROU,SI.POV.NAHC,0,22.3
YR2011,ROU,SI.POV.NAHC,0,22.9
YR2012,ROU,SI.POV.NAHC,0,23
YR2013,ROU,SI.POV.NAHC,0,25.1
YR2014,ROU,SI.POV.NAHC,0,25.4
YR2015,ROU,SI.POV.NAHC,0,25.3
YR2016,ROU,SI.POV.NAHC,0,23.6
YR2017,ROU,SI.POV.NAHC,0,23.6
YR2000,ROU,SI.POV.NAHC.NC,0,35.9
YR2001,ROU,SI.POV.NAHC.NC,0,30.6
YR2002,ROU,SI.POV.NAHC.NC,0,28.9
YR2003,ROU,SI.POV.NAHC.NC,0,25.1
YR2004,ROU,SI.POV.NAHC.NC,0,18.8
YR2005,ROU,SI.POV.NAHC.NC,0,15.1
YR2006,ROU,SI.POV.NAHC.NC,0,24.6
YR2007,ROU,SI.POV.NAHC.NC,0,23.6
YR2008,ROU,SI.POV.NAHC.NC,0,22.1
YR2009,ROU,SI.POV.NAHC.NC,0,21.6
YR2010,ROU,SI.POV.NAHC.NC,0,22.3
YR2011,ROU,SI.POV.NAHC.NC,0,22.9
YR2012,ROU,SI.POV.NAHC.NC,0,23
YR2013,ROU,SI.POV.NAHC.NC,0,25.1
YR2014,ROU,SI.POV.NAHC.NC,0,25.4
YR2015,ROU,SI.POV.NAHC.NC,0,25.3
YR2016,ROU,SI.POV.NAHC.NC,0,23.6
YR2017,ROU,SI.POV.NAHC.NC,0,23.6
YR2000,RUS,SI.POV.NAHC,0,29
YR2002,RUS,SI.POV.NAHC,0,24.6
YR2003,RUS,SI.POV.NAHC,0,20.3
YR2004,RUS,SI.POV.NAHC,0,17.6
YR2005,RUS,SI.POV.NAHC,0,17.8
YR2006,RUS,SI.POV.NAHC,0,15.2
YR2007,RUS,SI.POV.NAHC,0,13.3
YR2008,RUS,SI.POV.NAHC,0,13.4
YR2009,RUS,SI.POV.NAHC,0,13
YR2010,RUS,SI.POV.NAHC,0,12.5
YR2011,RUS,SI.POV.NAHC,0,12.7
YR2012,RUS,SI.POV.NAHC,0,10.7
YR2013,RUS,SI.POV.NAHC,0,10.8
YR2014,RUS,SI.POV.NAHC,0,11.2
YR2015,RUS,SI.POV.NAHC,0,13.3
YR2016,RUS,SI.POV.NAHC,0,13.3
YR2017,RUS,SI.POV.NAHC,0,13.2
YR2018,RUS,SI.POV.NAHC,0,12.9
YR2000,RUS,SI.POV.NAHC.NC,0,29
YR2002,RUS,SI.POV.NAHC.NC,0,24.6
YR2003,RUS,SI.POV.NAHC.NC,0,20.3
YR2004,RUS,SI.POV.NAHC.NC,0,17.6
YR2005,RUS,SI.POV.NAHC.NC,0,17.8
YR2006,RUS,SI.POV.NAHC.NC,0,15.2
YR2007,RUS,SI.POV.NAHC.NC,0,13.3
YR2008,RUS,SI.POV.NAHC.NC,0,13.4
YR2009,RUS,SI.POV.NAHC.NC,0,13
YR2010,RUS,SI.POV.NAHC.NC,0,12.5
YR2011,RUS,SI.POV.NAHC.NC,0,12.7
YR2012,RUS,SI.POV.NAHC.NC,0,10.7
YR2013,RUS,SI.POV.NAHC.NC,0,10.8
YR2014,RUS,SI.POV.NAHC.NC,0,11.2
YR2015,RUS,SI.POV.NAHC.NC,0,13.3
YR2016,RUS,SI.POV.NAHC.NC,0,13.3
YR2017,RUS,SI.POV.NAHC.NC,0,13.2
YR2018,RUS,SI.POV.NAHC.NC,0,12.9
YR2000,RWA,SI.POV.NAHC,0,
YR2005,RWA,SI.POV.NAHC,0,
YR2010,RWA,SI.POV.NAHC,0,
YR2013,RWA,SI.POV.NAHC,0,39.1
YR2016,RWA,SI.POV.NAHC,0,38.2
YR2000,RWA,SI.POV.NAHC.NC,0,58.9
YR2005,RWA,SI.POV.NAHC.NC,0,56.7
YR2010,RWA,SI.POV.NAHC.NC,0,46
YR2013,RWA,SI.POV.NAHC.NC,0,39.1
YR2016,RWA,SI.POV.NAHC.NC,0,38.2
YR2009,SDN,SI.POV.NAHC,0,46.5
YR2009,SDN,SI.POV.NAHC.NC,0,46.5
YR1994,SEN,SI.POV.NAHC,0,
YR2001,SEN,SI.POV.NAHC,0,55.2
YR2005,SEN,SI.POV.NAHC,0,48.3
YR2011,SEN,SI.POV.NAHC,0,46.7
YR1994,SEN,SI.POV.NAHC.NC,0,67.9
YR2001,SEN,SI.POV.NAHC.NC,0,55.2
YR2005,SEN,SI.POV.NAHC.NC,0,48.3
YR2011,SEN,SI.POV.NAHC.NC,0,46.7
YR2005,SLB,SI.POV.NAHC,0,22.7
YR2013,SLB,SI.POV.NAHC,0,12.7
YR2005,SLB,SI.POV.NAHC.NC,0,22.7
YR2013,SLB,SI.POV.NAHC.NC,0,12.7
YR1989,SLE,SI.POV.NAHC,0,
YR2003,SLE,SI.POV.NAHC,0,66.4
YR2011,SLE,SI.POV.NAHC,0,52.9
YR1989,SLE,SI.POV.NAHC.NC,0,81.6
YR2003,SLE,SI.POV.NAHC.NC,0,66.4
YR2011,SLE,SI.POV.NAHC.NC,0,52.9
YR2000,SLV,SI.POV.NAHC,0,
YR2001,SLV,SI.POV.NAHC,0,
YR2002,SLV,SI.POV.NAHC,0,
YR2003,SLV,SI.POV.NAHC,0,
YR2004,SLV,SI.POV.NAHC,0,
YR2007,SLV,SI.POV.NAHC,0,
YR2008,SLV,SI.POV.NAHC,0,40
YR2009,SLV,SI.POV.NAHC,0,37.8
YR2010,SLV,SI.POV.NAHC,0,36.5
YR2011,SLV,SI.POV.NAHC,0,40.6
YR2012,SLV,SI.POV.NAHC,0,34.5
YR2013,SLV,SI.POV.NAHC,0,29.6
YR2014,SLV,SI.POV.NAHC,0,31.8
YR2015,SLV,SI.POV.NAHC,0,34.9
YR2016,SLV,SI.POV.NAHC,0,32.7
YR2017,SLV,SI.POV.NAHC,0,29.2
YR2000,SLV,SI.POV.NAHC.NC,0,38.8
YR2001,SLV,SI.POV.NAHC.NC,0,38.8
YR2002,SLV,SI.POV.NAHC.NC,0,36.8
YR2003,SLV,SI.POV.NAHC.NC,0,36.1
YR2004,SLV,SI.POV.NAHC.NC,0,34.6
YR2007,SLV,SI.POV.NAHC.NC,0,34.6
YR2008,SLV,SI.POV.NAHC.NC,0,40
YR2009,SLV,SI.POV.NAHC.NC,0,37.8
YR2010,SLV,SI.POV.NAHC.NC,0,36.5
YR2011,SLV,SI.POV.NAHC.NC,0,40.6
YR2012,SLV,SI.POV.NAHC.NC,0,34.5
YR2013,SLV,SI.POV.NAHC.NC,0,29.6
YR2014,SLV,SI.POV.NAHC.NC,0,31.8
YR2015,SLV,SI.POV.NAHC.NC,0,34.9
YR2016,SLV,SI.POV.NAHC.NC,0,32.7
YR2017,SLV,SI.POV.NAHC.NC,0,29.2
YR2002,SRB,SI.POV.NAHC,0,
YR2004,SRB,SI.POV.NAHC,0,
YR2006,SRB,SI.POV.NAHC,0,
YR2007,SRB,SI.POV.NAHC,0,
YR2008,SRB,SI.POV.NAHC,0,
YR2009,SRB,SI.POV.NAHC,0,
YR2010,SRB,SI.POV.NAHC,0,
YR2012,SRB,SI.POV.NAHC,0,24.5
YR2013,SRB,SI.POV.NAHC,0,25
YR2014,SRB,SI.POV.NAHC,0,26.7
YR2015,SRB,SI.POV.NAHC,0,25.9
YR2016,SRB,SI.POV.NAHC,0,25.7
YR2017,SRB,SI.POV.NAHC,0,24.3
YR2002,SRB,SI.POV.NAHC.NC,0,14
YR2004,SRB,SI.POV.NAHC.NC,0,14.6
YR2006,SRB,SI.POV.NAHC.NC,0,9
YR2007,SRB,SI.POV.NAHC.NC,0,6.6
YR2008,SRB,SI.POV.NAHC.NC,0,6.1
YR2009,SRB,SI.POV.NAHC.NC,0,6.9
YR2010,SRB,SI.POV.NAHC.NC,0,9.2
YR2012,SRB,SI.POV.NAHC.NC,0,24.5
YR2013,SRB,SI.POV.NAHC.NC,0,25
YR2014,SRB,SI.POV.NAHC.NC,0,26.7
YR2015,SRB,SI.POV.NAHC.NC,0,25.9
YR2016,SRB,SI.POV.NAHC.NC,0,25.7
YR2017,SRB,SI.POV.NAHC.NC,0,24.3
YR2009,SSD,SI.POV.NAHC,0,50.6
YR2012,SSD,SI.POV.NAHC,0,50.1
YR2014,SSD,SI.POV.NAHC,0,55.1
YR2015,SSD,SI.POV.NAHC,0,65.6
YR2016,SSD,SI.POV.NAHC,0,82.3
YR2009,SSD,SI.POV.NAHC.NC,0,50.6
YR2012,SSD,SI.POV.NAHC.NC,0,50.1
YR2014,SSD,SI.POV.NAHC.NC,0,55.1
YR2015,SSD,SI.POV.NAHC.NC,0,65.6
YR2016,SSD,SI.POV.NAHC.NC,0,82.3
YR2000,STP,SI.POV.NAHC,0,68.3
YR2010,STP,SI.POV.NAHC,0,66.2
YR2000,STP,SI.POV.NAHC.NC,0,68.3
YR2010,STP,SI.POV.NAHC.NC,0,66.2
YR2004,SVK,SI.POV.NAHC,0,13.3
YR2005,SVK,SI.POV.NAHC,0,11.6
YR2006,SVK,SI.POV.NAHC,0,10.6
YR2007,SVK,SI.POV.NAHC,0,10.9
YR2008,SVK,SI.POV.NAHC,0,11
YR2009,SVK,SI.POV.NAHC,0,12
YR2010,SVK,SI.POV.NAHC,0,13
YR2011,SVK,SI.POV.NAHC,0,13.2
YR2012,SVK,SI.POV.NAHC,0,12.8
YR2013,SVK,SI.POV.NAHC,0,12.6
YR2004,SVK,SI.POV.NAHC.NC,0,13.3
YR2005,SVK,SI.POV.NAHC.NC,0,11.6
YR2006,SVK,SI.POV.NAHC.NC,0,10.6
YR2007,SVK,SI.POV.NAHC.NC,0,10.9
YR2008,SVK,SI.POV.NAHC.NC,0,11
YR2009,SVK,SI.POV.NAHC.NC,0,12
YR2010,SVK,SI.POV.NAHC.NC,0,13
YR2011,SVK,SI.POV.NAHC.NC,0,13.2
YR2012,SVK,SI.POV.NAHC.NC,0,12.8
YR2013,SVK,SI.POV.NAHC.NC,0,12.6
YR2004,SVN,SI.POV.NAHC,0,12.2
YR2005,SVN,SI.POV.NAHC,0,11.6
YR2006,SVN,SI.POV.NAHC,0,11.5
YR2007,SVN,SI.POV.NAHC,0,12.3
YR2008,SVN,SI.POV.NAHC,0,11.3
YR2009,SVN,SI.POV.NAHC,0,12.7
YR2010,SVN,SI.POV.NAHC,0,13.6
YR2011,SVN,SI.POV.NAHC,0,13.5
YR2012,SVN,SI.POV.NAHC,0,14.5
YR2013,SVN,SI.POV.NAHC,0,14.5
YR2014,SVN,SI.POV.NAHC,0,14.3
YR2004,SVN,SI.POV.NAHC.NC,0,12.2
YR2005,SVN,SI.POV.NAHC.NC,0,11.6
YR2006,SVN,SI.POV.NAHC.NC,0,11.5
YR2007,SVN,SI.POV.NAHC.NC,0,12.3
YR2008,SVN,SI.POV.NAHC.NC,0,11.3
YR2009,SVN,SI.POV.NAHC.NC,0,12.7
YR2010,SVN,SI.POV.NAHC.NC,0,13.6
YR2011,SVN,SI.POV.NAHC.NC,0,13.5
YR2012,SVN,SI.POV.NAHC.NC,0,14.5
YR2013,SVN,SI.POV.NAHC.NC,0,14.5
YR2014,SVN,SI.POV.NAHC.NC,0,14.3
YR1994,SWZ,SI.POV.NAHC,0,
YR2001,SWZ,SI.POV.NAHC,0,69
YR2009,SWZ,SI.POV.NAHC,0,63
YR2017,SWZ,SI.POV.NAHC,0,58.9
YR1994,SWZ,SI.POV.NAHC.NC,0,66
YR2001,SWZ,SI.POV.NAHC.NC,0,69
YR2009,SWZ,SI.POV.NAHC.NC,0,63
YR2017,SWZ,SI.POV.NAHC.NC,0,58.9
YR2006,SYC,SI.POV.NAHC,0,
YR2013,SYC,SI.POV.NAHC,0,39.3
YR2006,SYC,SI.POV.NAHC.NC,0,37.8
YR2013,SYC,SI.POV.NAHC.NC,0,39.3
YR2004,SYR,SI.POV.NAHC,0,30.1
YR2007,SYR,SI.POV.NAHC,0,35.2
YR2004,SYR,SI.POV.NAHC.NC,0,30.1
YR2007,SYR,SI.POV.NAHC.NC,0,35.2
YR1995,TCD,SI.POV.NAHC,0,
YR2002,TCD,SI.POV.NAHC,0,54.8
YR2011,TCD,SI.POV.NAHC,0,46.7
YR1995,TCD,SI.POV.NAHC.NC,0,43.4
YR2002,TCD,SI.POV.NAHC.NC,0,54.8
YR2011,TCD,SI.POV.NAHC.NC,0,46.7
YR2006,TGO,SI.POV.NAHC,0,61.7
YR2011,TGO,SI.POV.NAHC,0,58.7
YR2015,TGO,SI.POV.NAHC,0,55.1
YR2006,TGO,SI.POV.NAHC.NC,0,61.7
YR2011,TGO,SI.POV.NAHC.NC,0,58.7
YR2015,TGO,SI.POV.NAHC.NC,0,55.1
YR1988,THA,SI.POV.NAHC,0,
YR1990,THA,SI.POV.NAHC,0,
YR1992,THA,SI.POV.NAHC,0,
YR1994,THA,SI.POV.NAHC,0,
YR1996,THA,SI.POV.NAHC,0,
YR1998,THA,SI.POV.NAHC,0,
YR2000,THA,SI.POV.NAHC,0,42.3
YR2002,THA,SI.POV.NAHC,0,32.4
YR2004,THA,SI.POV.NAHC,0,26.8
YR2006,THA,SI.POV.NAHC,0,21.9
YR2007,THA,SI.POV.NAHC,0,20
YR2008,THA,SI.POV.NAHC,0,20.4
YR2009,THA,SI.POV.NAHC,0,17.9
YR2010,THA,SI.POV.NAHC,0,16.4
YR2011,THA,SI.POV.NAHC,0,13.2
YR2012,THA,SI.POV.NAHC,0,12.6
YR2013,THA,SI.POV.NAHC,0,10.9
YR2014,THA,SI.POV.NAHC,0,10.5
YR2015,THA,SI.POV.NAHC,0,7.2
YR2016,THA,SI.POV.NAHC,0,8.6
YR2017,THA,SI.POV.NAHC,0,7.9
YR2018,THA,SI.POV.NAHC,0,9.9
YR1988,THA,SI.POV.NAHC.NC,0,65.2
YR1990,THA,SI.POV.NAHC.NC,0,58
YR1992,THA,SI.POV.NAHC.NC,0,50
YR1994,THA,SI.POV.NAHC.NC,0,42.5
YR1996,THA,SI.POV.NAHC.NC,0,35.4
YR1998,THA,SI.POV.NAHC.NC,0,38.6
YR2000,THA,SI.POV.NAHC.NC,0,42.3
YR2002,THA,SI.POV.NAHC.NC,0,32.4
YR2004,THA,SI.POV.NAHC.NC,0,26.8
YR2006,THA,SI.POV.NAHC.NC,0,21.9
YR2007,THA,SI.POV.NAHC.NC,0,20
YR2008,THA,SI.POV.NAHC.NC,0,20.4
YR2009,THA,SI.POV.NAHC.NC,0,17.9
YR2010,THA,SI.POV.NAHC.NC,0,16.4
YR2011,THA,SI.POV.NAHC.NC,0,13.2
YR2012,THA,SI.POV.NAHC.NC,0,12.6
YR2013,THA,SI.POV.NAHC.NC,0,10.9
YR2014,THA,SI.POV.NAHC.NC,0,10.5
YR2015,THA,SI.POV.NAHC.NC,0,7.2
YR2016,THA,SI.POV.NAHC.NC,0,8.6
YR2017,THA,SI.POV.NAHC.NC,0,7.9
YR2018,THA,SI.POV.NAHC.NC,0,9.8
YR1999,TJK,SI.POV.NAHC,0,
YR2003,TJK,SI.POV.NAHC,0,
YR2007,TJK,SI.POV.NAHC,0,
YR2009,TJK,SI.POV.NAHC,0,
YR2013,TJK,SI.POV.NAHC,0,34.3
YR2014,TJK,SI.POV.NAHC,0,32
YR2015,TJK,SI.POV.NAHC,0,31.3
YR2016,TJK,SI.POV.NAHC,0,30.3
YR2017,TJK,SI.POV.NAHC,0,29.5
YR2018,TJK,SI.POV.NAHC,0,27.4
YR1999,TJK,SI.POV.NAHC.NC,0,96
YR2003,TJK,SI.POV.NAHC.NC,0,72.4
YR2007,TJK,SI.POV.NAHC.NC,0,53.1
YR2009,TJK,SI.POV.NAHC.NC,0,47.2
YR2013,TJK,SI.POV.NAHC.NC,0,34.3
YR2014,TJK,SI.POV.NAHC.NC,0,32
YR2015,TJK,SI.POV.NAHC.NC,0,31.3
YR2016,TJK,SI.POV.NAHC.NC,0,30.3
YR2017,TJK,SI.POV.NAHC.NC,0,29.5
YR2018,TJK,SI.POV.NAHC.NC,0,27.4
YR2001,TLS,SI.POV.NAHC,0,36.3
YR2007,TLS,SI.POV.NAHC,0,50.4
YR2014,TLS,SI.POV.NAHC,0,41.8
YR2001,TLS,SI.POV.NAHC.NC,0,36.3
YR2007,TLS,SI.POV.NAHC.NC,0,50.4
YR2014,TLS,SI.POV.NAHC.NC,0,41.8
YR2001,TON,SI.POV.NAHC,0,16.2
YR2009,TON,SI.POV.NAHC,0,22.5
YR2001,TON,SI.POV.NAHC.NC,0,16.2
YR2009,TON,SI.POV.NAHC.NC,0,22.5
YR2000,TUN,SI.POV.NAHC,0,25.4
YR2005,TUN,SI.POV.NAHC,0,23.1
YR2010,TUN,SI.POV.NAHC,0,20.5
YR2015,TUN,SI.POV.NAHC,0,15.2
YR2000,TUN,SI.POV.NAHC.NC,0,25.4
YR2005,TUN,SI.POV.NAHC.NC,0,23.1
YR2010,TUN,SI.POV.NAHC.NC,0,20.5
YR2015,TUN,SI.POV.NAHC.NC,0,15.2
YR2005,TUR,SI.POV.NAHC,0,18.6
YR2006,TUR,SI.POV.NAHC,0,16.3
YR2007,TUR,SI.POV.NAHC,0,16.7
YR2008,TUR,SI.POV.NAHC,0,17.1
YR2009,TUR,SI.POV.NAHC,0,16.9
YR2010,TUR,SI.POV.NAHC,0,16.1
YR2011,TUR,SI.POV.NAHC,0,16.3
YR2012,TUR,SI.POV.NAHC,0,15
YR2013,TUR,SI.POV.NAHC,0,15
YR2014,TUR,SI.POV.NAHC,0,14.7
YR2015,TUR,SI.POV.NAHC,0,14.3
YR2016,TUR,SI.POV.NAHC,0,13.5
YR2017,TUR,SI.POV.NAHC,0,13.9
YR2005,TUR,SI.POV.NAHC.NC,0,18.6
YR2006,TUR,SI.POV.NAHC.NC,0,16.3
YR2007,TUR,SI.POV.NAHC.NC,0,16.7
YR2008,TUR,SI.POV.NAHC.NC,0,17.1
YR2009,TUR,SI.POV.NAHC.NC,0,16.9
YR2010,TUR,SI.POV.NAHC.NC,0,16.1
YR2011,TUR,SI.POV.NAHC.NC,0,16.3
YR2012,TUR,SI.POV.NAHC.NC,0,15
YR2013,TUR,SI.POV.NAHC.NC,0,15
YR2014,TUR,SI.POV.NAHC.NC,0,14.7
YR2015,TUR,SI.POV.NAHC.NC,0,14.3
YR2016,TUR,SI.POV.NAHC.NC,0,13.5
YR2017,TUR,SI.POV.NAHC.NC,0,13.9
YR2010,TUV,SI.POV.NAHC,0,26.3
YR2010,TUV,SI.POV.NAHC.NC,0,26.3
YR1991,TZA,SI.POV.NAHC,0,
YR2000,TZA,SI.POV.NAHC,0,35.6
YR2007,TZA,SI.POV.NAHC,0,34.4
YR2011,TZA,SI.POV.NAHC,0,28.2
YR2018,TZA,SI.POV.NAHC,0,26.4
YR1991,TZA,SI.POV.NAHC.NC,0,38.6
YR2000,TZA,SI.POV.NAHC.NC,0,35.6
YR2007,TZA,SI.POV.NAHC.NC,0,34.4
YR2011,TZA,SI.POV.NAHC.NC,0,28.2
YR2018,TZA,SI.POV.NAHC.NC,0,26.4
YR1992,UGA,SI.POV.NAHC,0,56.4
YR1996,UGA,SI.POV.NAHC,0,44.4
YR1999,UGA,SI.POV.NAHC,0,33.8
YR2002,UGA,SI.POV.NAHC,0,38.8
YR2005,UGA,SI.POV.NAHC,0,31.1
YR2009,UGA,SI.POV.NAHC,0,24.5
YR2012,UGA,SI.POV.NAHC,0,19.7
YR2016,UGA,SI.POV.NAHC,0,21.4
YR1992,UGA,SI.POV.NAHC.NC,0,56.4
YR1996,UGA,SI.POV.NAHC.NC,0,44.4
YR1999,UGA,SI.POV.NAHC.NC,0,33.8
YR2002,UGA,SI.POV.NAHC.NC,0,38.8
YR2005,UGA,SI.POV.NAHC.NC,0,31.1
YR2009,UGA,SI.POV.NAHC.NC,0,24.5
YR2012,UGA,SI.POV.NAHC.NC,0,19.7
YR2016,UGA,SI.POV.NAHC.NC,0,21.4
YR2002,UKR,SI.POV.NAHC,0,83.3
YR2003,UKR,SI.POV.NAHC,0,76.2
YR2004,UKR,SI.POV.NAHC,0,65.6
YR2005,UKR,SI.POV.NAHC,0,55.3
YR2006,UKR,SI.POV.NAHC,0,49.7
YR2007,UKR,SI.POV.NAHC,0,12.7
YR2008,UKR,SI.POV.NAHC,0,7.1
YR2009,UKR,SI.POV.NAHC,0,5.8
YR2010,UKR,SI.POV.NAHC,0,8.6
YR2011,UKR,SI.POV.NAHC,0,7.8
YR2012,UKR,SI.POV.NAHC,0,9
YR2013,UKR,SI.POV.NAHC,0,8.3
YR2014,UKR,SI.POV.NAHC,0,8.6
YR2015,UKR,SI.POV.NAHC,0,6.4
YR2016,UKR,SI.POV.NAHC,0,3.8
YR2017,UKR,SI.POV.NAHC,0,2.4
YR2018,UKR,SI.POV.NAHC,0,1.3
YR2002,UKR,SI.POV.NAHC.NC,0,83.3
YR2003,UKR,SI.POV.NAHC.NC,0,76.2
YR2004,UKR,SI.POV.NAHC.NC,0,65.6
YR2005,UKR,SI.POV.NAHC.NC,0,55.3
YR2006,UKR,SI.POV.NAHC.NC,0,49.7
YR2007,UKR,SI.POV.NAHC.NC,0,12.7
YR2008,UKR,SI.POV.NAHC.NC,0,7.1
YR2009,UKR,SI.POV.NAHC.NC,0,5.8
YR2010,UKR,SI.POV.NAHC.NC,0,8.6
YR2011,UKR,SI.POV.NAHC.NC,0,7.8
YR2012,UKR,SI.POV.NAHC.NC,0,9
YR2013,UKR,SI.POV.NAHC.NC,0,8.3
YR2014,UKR,SI.POV.NAHC.NC,0,8.6
YR2015,UKR,SI.POV.NAHC.NC,0,6.4
YR2016,UKR,SI.POV.NAHC.NC,0,3.8
YR2017,UKR,SI.POV.NAHC.NC,0,2.4
YR2018,UKR,SI.POV.NAHC.NC,0,1.3
YR2006,URY,SI.POV.NAHC,0,32.5
YR2007,URY,SI.POV.NAHC,0,29.6
YR2008,URY,SI.POV.NAHC,0,24.2
YR2009,URY,SI.POV.NAHC,0,21
YR2010,URY,SI.POV.NAHC,0,18.5
YR2011,URY,SI.POV.NAHC,0,13.7
YR2012,URY,SI.POV.NAHC,0,12.4
YR2013,URY,SI.POV.NAHC,0,11.5
YR2014,URY,SI.POV.NAHC,0,9.7
YR2015,URY,SI.POV.NAHC,0,9.7
YR2016,URY,SI.POV.NAHC,0,9.4
YR2017,URY,SI.POV.NAHC,0,7.9
YR2018,URY,SI.POV.NAHC,0,8.1
YR2006,URY,SI.POV.NAHC.NC,0,32.5
YR2007,URY,SI.POV.NAHC.NC,0,29.6
YR2008,URY,SI.POV.NAHC.NC,0,24.2
YR2009,URY,SI.POV.NAHC.NC,0,21
YR2010,URY,SI.POV.NAHC.NC,0,18.5
YR2011,URY,SI.POV.NAHC.NC,0,13.7
YR2012,URY,SI.POV.NAHC.NC,0,12.4
YR2013,URY,SI.POV.NAHC.NC,0,11.5
YR2014,URY,SI.POV.NAHC.NC,0,9.7
YR2015,URY,SI.POV.NAHC.NC,0,9.7
YR2016,URY,SI.POV.NAHC.NC,0,9.4
YR2017,URY,SI.POV.NAHC.NC,0,7.9
YR2018,URY,SI.POV.NAHC.NC,0,8.1
YR2001,UZB,SI.POV.NAHC,0,
YR2002,UZB,SI.POV.NAHC,0,
YR2003,UZB,SI.POV.NAHC,0,
YR2004,UZB,SI.POV.NAHC,0,
YR2005,UZB,SI.POV.NAHC,0,
YR2010,UZB,SI.POV.NAHC,0,
YR2011,UZB,SI.POV.NAHC,0,
YR2012,UZB,SI.POV.NAHC,0,15
YR2013,UZB,SI.POV.NAHC,0,14.1
YR2001,UZB,SI.POV.NAHC.NC,0,27.5
YR2002,UZB,SI.POV.NAHC.NC,0,26.5
YR2003,UZB,SI.POV.NAHC.NC,0,27.2
YR2004,UZB,SI.POV.NAHC.NC,0,26.1
YR2005,UZB,SI.POV.NAHC.NC,0,25.8
YR2010,UZB,SI.POV.NAHC.NC,0,17.7
YR2011,UZB,SI.POV.NAHC.NC,0,16
YR2012,UZB,SI.POV.NAHC.NC,0,15
YR2013,UZB,SI.POV.NAHC.NC,0,14.1
YR1997,VEN,SI.POV.NAHC,0,55.6
YR1998,VEN,SI.POV.NAHC,0,49
YR1999,VEN,SI.POV.NAHC,0,42.8
YR2000,VEN,SI.POV.NAHC,0,41.6
YR2001,VEN,SI.POV.NAHC,0,31.1
YR2002,VEN,SI.POV.NAHC,0,41.1
YR2003,VEN,SI.POV.NAHC,0,54
YR2004,VEN,SI.POV.NAHC,0,53.1
YR2005,VEN,SI.POV.NAHC,0,42.4
YR2006,VEN,SI.POV.NAHC,0,33.1
YR2007,VEN,SI.POV.NAHC,0,27.5
YR2008,VEN,SI.POV.NAHC,0,27.7
YR2009,VEN,SI.POV.NAHC,0,26.4
YR2010,VEN,SI.POV.NAHC,0,26.8
YR2011,VEN,SI.POV.NAHC,0,27.4
YR2012,VEN,SI.POV.NAHC,0,27.2
YR2013,VEN,SI.POV.NAHC,0,29.4
YR2014,VEN,SI.POV.NAHC,0,29.5
YR2015,VEN,SI.POV.NAHC,0,33.1
YR1997,VEN,SI.POV.NAHC.NC,0,55.6
YR1998,VEN,SI.POV.NAHC.NC,0,49
YR1999,VEN,SI.POV.NAHC.NC,0,42.8
YR2000,VEN,SI.POV.NAHC.NC,0,41.6
YR2001,VEN,SI.POV.NAHC.NC,0,31.1
YR2002,VEN,SI.POV.NAHC.NC,0,41.1
YR2003,VEN,SI.POV.NAHC.NC,0,54
YR2004,VEN,SI.POV.NAHC.NC,0,53.1
YR2005,VEN,SI.POV.NAHC.NC,0,42.4
YR2006,VEN,SI.POV.NAHC.NC,0,33.1
YR2007,VEN,SI.POV.NAHC.NC,0,27.5
YR2008,VEN,SI.POV.NAHC.NC,0,27.7
YR2009,VEN,SI.POV.NAHC.NC,0,26.4
YR2010,VEN,SI.POV.NAHC.NC,0,26.8
YR2011,VEN,SI.POV.NAHC.NC,0,27.4
YR2012,VEN,SI.POV.NAHC.NC,0,27.2
YR2013,VEN,SI.POV.NAHC.NC,0,29.4
YR2014,VEN,SI.POV.NAHC.NC,0,29.5
YR2015,VEN,SI.POV.NAHC.NC,0,33.1
YR1992,VNM,SI.POV.NAHC,0,
YR1998,VNM,SI.POV.NAHC,0,
YR2002,VNM,SI.POV.NAHC,0,
YR2004,VNM,SI.POV.NAHC,0,
YR2006,VNM,SI.POV.NAHC,0,
YR2008,VNM,SI.POV.NAHC,0,
YR2010,VNM,SI.POV.NAHC,0,20.7
YR2012,VNM,SI.POV.NAHC,0,17.2
YR2014,VNM,SI.POV.NAHC,0,13.5
YR2016,VNM,SI.POV.NAHC,0,9.8
YR2018,VNM,SI.POV.NAHC,0,6.7
YR1992,VNM,SI.POV.NAHC.NC,0,58.1
YR1998,VNM,SI.POV.NAHC.NC,0,37.4
YR2002,VNM,SI.POV.NAHC.NC,0,28.9
YR2004,VNM,SI.POV.NAHC.NC,0,19.5
YR2006,VNM,SI.POV.NAHC.NC,0,16
YR2008,VNM,SI.POV.NAHC.NC,0,14.5
YR2010,VNM,SI.POV.NAHC.NC,0,20.7
YR2012,VNM,SI.POV.NAHC.NC,0,17.2
YR2014,VNM,SI.POV.NAHC.NC,0,13.5
YR2016,VNM,SI.POV.NAHC.NC,0,9.8
YR2018,VNM,SI.POV.NAHC.NC,0,6.7
YR2010,VUT,SI.POV.NAHC,0,12.7
YR2010,VUT,SI.POV.NAHC.NC,0,12.7
YR2008,WSM,SI.POV.NAHC,0,26.9
YR2013,WSM,SI.POV.NAHC,0,20.3
YR2008,WSM,SI.POV.NAHC.NC,0,26.9
YR2013,WSM,SI.POV.NAHC.NC,0,20.3
YR2003,XKX,SI.POV.NAHC,0,
YR2004,XKX,SI.POV.NAHC,0,
YR2005,XKX,SI.POV.NAHC,0,
YR2006,XKX,SI.POV.NAHC,0,
YR2009,XKX,SI.POV.NAHC,0,
YR2010,XKX,SI.POV.NAHC,0,
YR2011,XKX,SI.POV.NAHC,0,
YR2012,XKX,SI.POV.NAHC,0,22.9
YR2013,XKX,SI.POV.NAHC,0,17.6
YR2014,XKX,SI.POV.NAHC,0,21.1
YR2015,XKX,SI.POV.NAHC,0,17.6
YR2003,XKX,SI.POV.NAHC.NC,0,37.7
YR2004,XKX,SI.POV.NAHC.NC,0,43.7
YR2005,XKX,SI.POV.NAHC.NC,0,34.8
YR2006,XKX,SI.POV.NAHC.NC,0,45
YR2009,XKX,SI.POV.NAHC.NC,0,34.5
YR2010,XKX,SI.POV.NAHC.NC,0,29.2
YR2011,XKX,SI.POV.NAHC.NC,0,29.7
YR2012,XKX,SI.POV.NAHC.NC,0,22.9
YR2013,XKX,SI.POV.NAHC.NC,0,17.6
YR2014,XKX,SI.POV.NAHC.NC,0,21.1
YR2015,XKX,SI.POV.NAHC.NC,0,17.6
YR1998,YEM,SI.POV.NAHC,0,
YR2005,YEM,SI.POV.NAHC,0,34.8
YR2014,YEM,SI.POV.NAHC,0,48.6
YR1998,YEM,SI.POV.NAHC.NC,0,40.1
YR2005,YEM,SI.POV.NAHC.NC,0,34.8
YR2014,YEM,SI.POV.NAHC.NC,0,48.6
YR1995,ZAF,SI.POV.NAHC,0,
YR2000,ZAF,SI.POV.NAHC,0,
YR2005,ZAF,SI.POV.NAHC,0,66.6
YR2008,ZAF,SI.POV.NAHC,0,62.1
YR2010,ZAF,SI.POV.NAHC,0,53.2
YR2014,ZAF,SI.POV.NAHC,0,55.5
YR1995,ZAF,SI.POV.NAHC.NC,0,31
YR2000,ZAF,SI.POV.NAHC.NC,0,38
YR2005,ZAF,SI.POV.NAHC.NC,0,66.6
YR2008,ZAF,SI.POV.NAHC.NC,0,62.1
YR2010,ZAF,SI.POV.NAHC.NC,0,53.2
YR2014,ZAF,SI.POV.NAHC.NC,0,55.5
YR1991,ZMB,SI.POV.NAHC,0,
YR1993,ZMB,SI.POV.NAHC,0,
YR1996,ZMB,SI.POV.NAHC,0,
YR1998,ZMB,SI.POV.NAHC,0,
YR2002,ZMB,SI.POV.NAHC,0,
YR2004,ZMB,SI.POV.NAHC,0,
YR2006,ZMB,SI.POV.NAHC,0,
YR2010,ZMB,SI.POV.NAHC,0,54.7
YR2015,ZMB,SI.POV.NAHC,0,54.4
YR1991,ZMB,SI.POV.NAHC.NC,0,69.7
YR1993,ZMB,SI.POV.NAHC.NC,0,73.8
YR1996,ZMB,SI.POV.NAHC.NC,0,68.1
YR1998,ZMB,SI.POV.NAHC.NC,0,66.8
YR2002,ZMB,SI.POV.NAHC.NC,0,66.5
YR2004,ZMB,SI.POV.NAHC.NC,0,58.4
YR2006,ZMB,SI.POV.NAHC.NC,0,59.3
YR2010,ZMB,SI.POV.NAHC.NC,0,54.7
YR2015,ZMB,SI.POV.NAHC.NC,0,54.4
YR1995,ZWE,SI.POV.NAHC,0,
YR2001,ZWE,SI.POV.NAHC,0,70.9
YR2003,ZWE,SI.POV.NAHC,0,
YR2011,ZWE,SI.POV.NAHC,0,72.3
YR2017,ZWE,SI.POV.NAHC,0,70
YR1995,ZWE,SI.POV.NAHC.NC,0,75.6
YR2001,ZWE,SI.POV.NAHC.NC,0,70.9
YR2003,ZWE,SI.POV.NAHC.NC,0,72
YR2011,ZWE,SI.POV.NAHC.NC,0,72.3
YR2017,ZWE,SI.POV.NAHC.NC,0,70
