"countrycode","countryname","year","mean","headcount","population","poor_pop","region"
"ALB","Albania",1993,137.741,0.058,3.227287,0.19,"ECA"
"DZA","Algeria",1993,192.6304,0.061,27.786259,1.69,"MNA"
"AGO","Angola",1993,106.9601,0.428,13.403734,5.74,"SSA"
"ARG","Argentina",1993,566.0145,0.024,29.933012,0.72,"LAC"
"ARM","Armenia",1993,128.29,0.278,3.363098,0.93,"ECA"
"AZE","Azerbaijan",1993,246.7248,0.032,7.495,0.24,"ECA"
"BGD","Bangladesh",1993,79.23083,0.388,113.695139,44.11,"SAS"
"BLR","Belarus",1993,210.4563,0.001,10.239,0.01,"ECA"
"BLZ","Belize",1993,341.1434,0.101,0.197616,0.02,"LAC"
"BEN","Benin",1993,67.93171,0.585,5.521763,3.23,"SSA"
"BTN","Bhutan",1993,89.7674,0.446,0.523117,0.23,"SAS"
"BOL","Bolivia",1993,250.5907,0.118,7.273825,0.86,"LAC"
"BIH","Bosnia and Herzegovina",1993,77.15437,0.397,4.087999,1.62,"ECA"
"BWA","Botswana",1993,173.7277,0.347,1.494693,0.52,"SSA"
"BRA","Brazil",1993,281.2494,0.199,157.132682,31.27,"LAC"
"BGR","Bulgaria",1993,451.2859,0.002,8.472313,0.02,"ECA"
"BFA","Burkina Faso",1993,41.10095,0.83,9.552476,7.93,"SSA"
"BDI","Burundi",1993,41.80762,0.82,5.771398,4.73,"SSA"
"CPV","Cabo Verde",1993,103.7965,0.483,0.369014,0.18,"SSA"
"CMR","Cameroon",1993,91.17863,0.49,12.758881,6.25,"SSA"
"CAF","Central African Republic",1993,36.51279,0.834,3.181222,2.65,"SSA"
"TCD","Chad",1993,49.40412,0.737,6.555603,4.83,"SSA"
"CHL","Chile",1993,401.9529,0.049,13.882668,0.68,"LAC"
"CHN","China",1993,65.70702,0.566,1178.44,667,"EAP"
"COL","Colombia",1993,290.7768,0.106,36.195168,3.84,"LAC"
"COM","Comoros",1993,261.1348,0.12,0.449274,0.05,"SSA"
"COD","Congo, Democratic Republic of",1993,34.01253,0.868,38.833595,33.71,"SSA"
"COG","Congo, Republic of",1993,87.14508,0.518,2.648507,1.37,"SSA"
"CRI","Costa Rica",1993,323.1741,0.08,3.341004,0.27,"LAC"
"CIV","Cote d'Ivoire",1993,127.9162,0.226,13.622731,3.08,"SSA"
"HRV","Croatia",1993,345.3673,0.005,4.64,0.02,"ECA"
"CZE","Czech Republic",1993,511.5632,0,10.329855,0,"ECA"
"DJI","Djibouti",1993,165.4108,0.132,0.618495,0.08,"MNA"
"DOM","Dominican Republic",1993,343.052,0.05,7.611465,0.38,"LAC"
"ECU","Ecuador",1993,218.5343,0.178,10.951202,1.95,"LAC"
"EGY","Egypt, Arab Republic of",1993,136.74,0.063,61.275601,3.86,"MNA"
"SLV","El Salvador",1993,233.4767,0.164,5.474,0.9,"LAC"
"EST","Estonia",1993,337.2078,0.013,1.494128,0.02,"ECA"
"SWZ","Eswatini",1993,45.35198,0.824,0.924025,0.76,"SSA"
"ETH","Ethiopia",1993,58.8775,0.731,53.532956,39.13,"SSA"
"FJI","Fiji",1993,177.8317,0.081,0.755026,0.06,"EAP"
"GAB","Gabon",1993,240.5421,0.052,1.031504,0.05,"SSA"
"GMB","Gambia, The",1993,58.23757,0.693,1.008358,0.7,"SSA"
"GEO","Georgia",1993,220.0028,0.068,4.9111,0.33,"ECA"
"GHA","Ghana",1993,81.04534,0.464,15.896432,7.38,"SSA"
"GTM","Guatemala",1993,212.2307,0.258,9.938692,2.56,"LAC"
"GIN","Guinea",1993,66.02673,0.64,7.163236,4.58,"SSA"
"GNB","Guinea-Bissau",1993,62.57136,0.64,1.088569,0.7,"SSA"
"GUY","Guyana",1993,134.3234,0.305,0.753484,0.23,"LAC"
"HTI","Haiti",1993,105.0003,0.534,7.530705,4.02,"LAC"
"HND","Honduras",1993,183.602,0.236,5.398805,1.27,"LAC"
"HUN","Hungary",1993,467.5387,0.002,10.357523,0.02,"ECA"
"IND","India",1993,75.14448,0.462,924.057817,426.91,"SAS"
"IDN","Indonesia",1993,65.07715,0.585,190.879523,111.66,"EAP"
"IRN","Iran, Islamic Republic of",1993,292.5264,0.035,58.991218,2.06,"MNA"
"IRQ","Iraq",1993,95.79661,0.223,19.011917,4.24,"MNA"
"JAM","Jamaica",1993,164.0129,0.099,2.488782,0.25,"LAC"
"JOR","Jordan",1993,242.4628,0.034,4.189431,0.14,"MNA"
"KAZ","Kazakhstan",1993,176.1475,0.064,16.330419,1.05,"ECA"
"KEN","Kenya",1993,119.0755,0.373,25.754114,9.61,"SSA"
"KIR","Kiribati",1993,152.7893,0.133,0.075719,0.01,"EAP"
"KGZ","Kyrgyz Republic",1993,136.3045,0.281,4.5167,1.27,"ECA"
"LAO","Lao People's Democratic Republic",1993,91.36437,0.36,4.62328,1.66,"EAP"
"LVA","Latvia",1993,244.5219,0,2.56329,0,"ECA"
"LBN","Lebanon",1993,611.558,0,2.900854,0,"MNA"
"LSO","Lesotho",1993,127.0049,0.494,1.700362,0.84,"SSA"
"LBR","Liberia",1993,28.37337,0.923,2.000248,1.85,"SSA"
"LTU","Lithuania",1993,155.8217,0.07,3.682613,0.26,"ECA"
"MKD","North Macedonia",1993,207.6757,0.022,1.984028,0.04,"ECA"
"MDG","Madagascar",1993,60.27443,0.698,12.67546,8.85,"SSA"
"MWI","Malawi",1993,103.1809,0.685,9.755857,6.68,"SSA"
"MYS","Malaysia",1993,399.3865,0.015,19.494967,0.29,"EAP"
"MLI","Mali",1993,37.04101,0.853,9.105472,7.77,"SSA"
"MRT","Mauritania",1993,110.8923,0.411,2.199791,0.9,"SSA"
"MUS","Mauritius",1993,202.4938,0.032,1.097374,0.04,"SSA"
"MEX","Mexico",1993,300.3196,0.075,90.600453,6.8,"LAC"
"FSM","Micronesia, Federated States of",1993,208.4596,0.088,0.103934,0.01,"EAP"
"MDA","Moldova",1993,208.753,0.056,3.701,0.21,"ECA"
"MNG","Mongolia",1993,134.0163,0.152,2.2632,0.34,"EAP"
"MNE","Montenegro",1993,232.8909,0.011,0.61017,0.01,"ECA"
"MAR","Morocco",1993,210.0593,0.058,26.237417,1.52,"MNA"
"MOZ","Mozambique",1993,33.43093,0.877,14.636995,12.84,"SSA"
"MMR","Myanmar",1993,28.16301,0.943,42.209778,39.8,"EAP"
"NAM","Namibia",1993,212.1399,0.506,1.559983,0.79,"SSA"
"NPL","Nepal",1993,58.86289,0.667,20.321175,13.55,"SAS"
"NIC","Nicaragua",1993,179.6799,0.221,4.42658,0.98,"LAC"
"NER","Niger",1993,46.57597,0.786,8.842415,6.95,"SSA"
"NGA","Nigeria",1993,68.39137,0.591,102.761737,60.73,"SSA"
"PAK","Pakistan",1993,77.98617,0.418,116.74956,48.8,"SAS"
"PAN","Panama",1993,388.1035,0.179,2.629644,0.47,"LAC"
"PNG","Papua New Guinea",1993,90.53388,0.545,4.651169,2.53,"EAP"
"PRY","Paraguay",1993,401.9337,0.084,4.541902,0.38,"LAC"
"PER","Peru",1993,200.7594,0.149,23.184228,3.45,"LAC"
"PHL","Philippines",1993,134.6444,0.256,66.650247,17.06,"EAP"
"POL","Poland",1993,261.3794,0.002,38.461408,0.08,"ECA"
"ROU","Romania",1993,202.7126,0.064,22.76328,1.46,"ECA"
"RUS","Russian Federation",1993,424.7915,0.024,148.52,3.56,"ECA"
"RWA","Rwanda",1993,59.12945,0.687,6.299909,4.33,"SSA"
"WSM","Samoa",1993,213.6576,0.061,0.167207,0.01,"EAP"
"SEN","Senegal",1993,69.17644,0.613,8.27217,5.07,"SSA"
"SRB","Serbia",1993,297.2963,0.006,7.699307,0.05,"ECA"
"SYC","Seychelles",1993,507.5124,0.011,0.072253,0,"SSA"
"SLE","Sierra Leone",1993,53.60508,0.684,4.307299,2.95,"SSA"
"SVK","Slovak Republic",1993,398.8949,0.008,5.325305,0.04,"ECA"
"SVN","Slovenia",1993,632.9165,0,1.991746,0,"ECA"
"SLB","Solomon Islands",1993,121.1734,0.326,0.339456,0.11,"EAP"
"ZAF","South Africa",1993,212.3627,0.317,40.300161,12.78,"SSA"
"LKA","Sri Lanka",1993,139.0938,0.087,17.928576,1.56,"SAS"
"LCA","St. Lucia",1993,102.0904,0.363,0.143565,0.05,"LAC"
"SDN","Sudan",1993,80.36967,0.424,22.535937,9.56,"SSA"
"SUR","Suriname",1993,212.4474,0.258,0.430039,0.11,"LAC"
"SYR","Syrian Arab Republic",1993,185.3013,0.038,13.564167,0.52,"MNA"
"TJK","Tajikistan",1993,92.25517,0.254,5.594114,1.42,"ECA"
"TZA","Tanzania",1993,47.54071,0.751,28.149328,21.14,"SSA"
"THA","Thailand",1993,239.6575,0.049,58.364891,2.86,"EAP"
"TGO","Togo",1993,64.88125,0.63,4.064926,2.56,"SSA"
"TON","Tonga",1993,257.6264,0.041,0.095644,0,"EAP"
"TTO","Trinidad and Tobago",1993,296.5933,0.036,1.244407,0.04,"LAC"
"TUN","Tunisia",1993,188.3492,0.113,8.784888,0.99,"MNA"
"TUR","Turkey",1993,300.7605,0.023,56.653729,1.3,"ECA"
"TKM","Turkmenistan",1993,108.9156,0.323,4.010789,1.3,"ECA"
"TUV","Tuvalu",1993,200.6998,0.062,0.009156,0,"EAP"
"UGA","Uganda",1993,63.34375,0.636,19.275422,12.26,"SSA"
"UKR","Ukraine",1993,212.9645,0.013,52.17921,0.68,"ECA"
"URY","Uruguay",1993,669.052,0.005,3.178155,0.02,"LAC"
"UZB","Uzbekistan",1993,99.40551,0.38,21.942,8.34,"ECA"
"VUT","Vanuatu",1993,125.8793,0.203,0.159814,0.03,"EAP"
"VEN","Venezuela, Republica Bolivariana de",1993,325.1411,0.06,21.263443,1.28,"LAC"
"VNM","Vietnam",1993,73.94919,0.522,72.560427,37.88,"EAP"
"PSE","West Bank and Gaza",1993,177.2467,0.052,2.262676,0.12,"MNA"
"YEM","Yemen, Republic of",1993,157.5625,0.1,14.017239,1.4,"MNA"
"ZMB","Zambia",1993,84.4113,0.545,8.669168,4.72,"SSA"
"ZWE","Zimbabwe",1993,198.4762,0.103,10.905756,1.12,"SSA"
"ALB","Albania",1996,187.8427,0.011,3.168033,0.03,"ECA"
"DZA","Algeria",1996,182.1817,0.064,29.411415,1.88,"MNA"
"AGO","Angola",1996,129.2098,0.347,14.682284,5.09,"SSA"
"ARG","Argentina",1996,520.0662,0.046,31.298956,1.44,"LAC"
"ARM","Armenia",1996,162.4389,0.179,3.168215,0.57,"ECA"
"AZE","Azerbaijan",1996,175.8026,0.068,7.763,0.53,"ECA"
"BGD","Bangladesh",1996,85.88851,0.371,121.269645,44.99,"SAS"
"BLR","Belarus",1996,332.0706,0.006,10.16,0.06,"ECA"
"BLZ","Belize",1996,265.468,0.133,0.213676,0.03,"LAC"
"BEN","Benin",1996,69.46929,0.573,6.094259,3.49,"SSA"
"BTN","Bhutan",1996,107.2773,0.349,0.519282,0.18,"SAS"
"BOL","Bolivia",1996,266.9111,0.179,7.717443,1.38,"LAC"
"BIH","Bosnia and Herzegovina",1996,198.4343,0.016,3.780378,0.06,"ECA"
"BWA","Botswana",1996,198.1816,0.328,1.60406,0.53,"SSA"
"BRA","Brazil",1996,379.0553,0.142,164.913306,23.42,"LAC"
"BGR","Bulgaria",1996,326.2832,0.006,8.362826,0.05,"ECA"
"BFA","Burkina Faso",1996,45.41304,0.821,10.372745,8.52,"SSA"
"BDI","Burundi",1996,39.32202,0.843,6.041112,5.09,"SSA"
"CPV","Cabo Verde",1996,145.5793,0.322,0.398773,0.13,"SSA"
"CMR","Cameroon",1996,92.87823,0.481,13.812472,6.64,"SSA"
"CAF","Central African Republic",1996,43.85543,0.776,3.435821,2.67,"SSA"
"TCD","Chad",1996,50.97436,0.72,7.241134,5.21,"SSA"
"CHL","Chile",1996,462.6596,0.034,14.497826,0.49,"LAC"
"CHN","China",1996,83.19534,0.417,1217.55,507.72,"EAP"
"COL","Colombia",1996,265.693,0.165,38.049038,6.28,"LAC"
"COM","Comoros",1996,232.6008,0.148,0.488627,0.07,"SSA"
"COD","Congo, Democratic Republic of",1996,29.57932,0.899,42.770544,38.45,"SSA"
"COG","Congo, Republic of",1996,82.15788,0.547,2.879222,1.57,"SSA"
"CRI","Costa Rica",1996,329.8632,0.08,3.596732,0.29,"LAC"
"CIV","Cote d'Ivoire",1996,131.0848,0.209,14.995249,3.13,"SSA"
"HRV","Croatia",1996,427.72,0.005,4.494,0.02,"ECA"
"CZE","Czech Republic",1996,592.0576,0.002,10.315241,0.02,"ECA"
"DJI","Djibouti",1996,145.7025,0.175,0.643682,0.11,"MNA"
"DOM","Dominican Republic",1996,366.2063,0.049,8.029113,0.39,"LAC"
"ECU","Ecuador",1996,208.8858,0.176,11.683479,2.06,"LAC"
"EGY","Egypt, Arab Republic of",1996,137.1038,0.044,64.933456,2.86,"MNA"
"SLV","El Salvador",1996,249.588,0.141,5.671925,0.8,"LAC"
"EST","Estonia",1996,307.9979,0.004,1.415594,0.01,"ECA"
"SWZ","Eswatini",1996,75.64491,0.661,0.981764,0.65,"SSA"
"ETH","Ethiopia",1996,65.00445,0.66,59.155148,39.04,"SSA"
"FJI","Fiji",1996,193.2321,0.063,0.784476,0.05,"EAP"
"GAB","Gabon",1996,251.2796,0.046,1.113994,0.05,"SSA"
"GMB","Gambia, The",1996,55.30454,0.717,1.096708,0.79,"SSA"
"GEO","Georgia",1996,239.272,0.055,4.6161,0.25,"ECA"
"GHA","Ghana",1996,90.17134,0.409,17.185608,7.03,"SSA"
"GTM","Guatemala",1996,259.5439,0.179,10.646674,1.91,"LAC"
"GIN","Guinea",1996,81.95505,0.534,8.132552,4.34,"SSA"
"GNB","Guinea-Bissau",1996,78.27098,0.492,1.15906,0.57,"SSA"
"GUY","Guyana",1996,188.0248,0.161,0.761861,0.12,"LAC"
"HTI","Haiti",1996,100.0336,0.552,7.965553,4.4,"LAC"
"HND","Honduras",1996,167.6973,0.304,5.867849,1.78,"LAC"
"HUN","Hungary",1996,412.3139,0.002,10.311238,0.02,"ECA"
"IND","India",1996,78.218,0.437,978.893217,427.78,"SAS"
"IDN","Indonesia",1996,77.69245,0.474,199.914831,94.76,"EAP"
"IRN","Iran, Islamic Republic of",1996,281.106,0.045,61.583089,2.77,"MNA"
"IRQ","Iraq",1996,102.8718,0.179,20.845893,3.73,"MNA"
"JAM","Jamaica",1996,250.783,0.034,2.561993,0.09,"LAC"
"JOR","Jordan",1996,226.021,0.023,4.716373,0.11,"MNA"
"KAZ","Kazakhstan",1996,187.8572,0.063,15.577894,0.98,"ECA"
"KEN","Kenya",1996,120.1766,0.307,28.147734,8.64,"SSA"
"KIR","Kiribati",1996,151.6721,0.14,0.078907,0.01,"EAP"
"KGZ","Kyrgyz Republic",1996,119.4334,0.338,4.6284,1.56,"ECA"
"LAO","Lao People's Democratic Republic",1996,79.29058,0.479,4.95718,2.37,"EAP"
"LVA","Latvia",1996,281.0908,0.016,2.457222,0.04,"ECA"
"LBN","Lebanon",1996,632.8272,0,3.07096,0,"MNA"
"LSO","Lesotho",1996,124.0487,0.518,1.787273,0.93,"SSA"
"LBR","Liberia",1996,21.75132,0.964,2.191179,2.11,"SSA"
"LTU","Lithuania",1996,305.9394,0,3.601613,0,"ECA"
"MKD","North Macedonia",1996,224.0718,0.014,1.989443,0.03,"ECA"
"MDG","Madagascar",1996,56.74968,0.687,13.902688,9.55,"SSA"
"MWI","Malawi",1996,111.9567,0.643,10.109789,6.5,"SSA"
"MYS","Malaysia",1996,484.1305,0.006,21.023321,0.13,"EAP"
"MDV","Maldives",1996,130.6211,0.181,0.259327,0.05,"SAS"
"MLI","Mali",1996,40.79924,0.821,9.85681,8.09,"SSA"
"MRT","Mauritania",1996,129.5406,0.198,2.397245,0.47,"SSA"
"MUS","Mauritius",1996,224.7002,0.022,1.133996,0.02,"SSA"
"MEX","Mexico",1996,237.1648,0.112,95.687452,10.72,"LAC"
"FSM","Micronesia, Federated States of",1996,206.3686,0.088,0.108344,0.01,"EAP"
"MDA","Moldova",1996,124.7581,0.196,3.667748,0.72,"ECA"
"MNG","Mongolia",1996,127.2673,0.175,2.316567,0.41,"EAP"
"MNE","Montenegro",1996,320.4651,0.004,0.611003,0,"ECA"
"MAR","Morocco",1996,217.9061,0.053,27.460603,1.46,"MNA"
"MOZ","Mozambique",1996,41.46049,0.833,16.248232,13.53,"SSA"
"MMR","Myanmar",1996,33.21182,0.917,43.79331,40.16,"EAP"
"NAM","Namibia",1996,211.5154,0.507,1.706489,0.87,"SSA"
"NPL","Nepal",1996,65.84432,0.597,21.903379,13.08,"SAS"
"NIC","Nicaragua",1996,170.8928,0.194,4.700779,0.91,"LAC"
"NER","Niger",1996,42.99689,0.804,9.819964,7.9,"SSA"
"NGA","Nigeria",1996,70.84164,0.635,110.732904,70.32,"SSA"
"PAK","Pakistan",1996,99.87843,0.182,125.938339,22.92,"SAS"
"PAN","Panama",1996,387.4713,0.162,2.796344,0.45,"LAC"
"PNG","Papua New Guinea",1996,92.52296,0.532,5.022437,2.67,"EAP"
"PRY","Paraguay",1996,410.8741,0.117,4.870694,0.57,"LAC"
"PER","Peru",1996,249.2619,0.183,24.441074,4.47,"LAC"
"PHL","Philippines",1996,155.3262,0.207,71.446107,14.79,"EAP"
"POL","Poland",1996,182.8407,0.027,38.62437,1.04,"ECA"
"ROU","Romania",1996,141.5421,0.086,22.619004,1.95,"ECA"
"RUS","Russian Federation",1996,404.2581,0.036,148.160042,5.33,"ECA"
"RWA","Rwanda",1996,48.55069,0.802,6.115168,4.9,"SSA"
"WSM","Samoa",1996,232.4033,0.045,0.171283,0.01,"EAP"
"SEN","Senegal",1996,73.61421,0.559,8.974077,5.02,"SSA"
"SRB","Serbia",1996,310.194,0.005,7.617794,0.04,"ECA"
"SYC","Seychelles",1996,495.3104,0.014,0.076417,0,"SSA"
"SLE","Sierra Leone",1996,53.39129,0.692,4.28235,2.96,"SSA"
"SVK","Slovak Republic",1996,458.8271,0.005,5.373361,0.03,"ECA"
"SVN","Slovenia",1996,728.8211,0,1.988628,0,"ECA"
"SLB","Solomon Islands",1996,133.6746,0.276,0.369469,0.1,"EAP"
"ZAF","South Africa",1996,190.4299,0.366,42.89852,15.7,"SSA"
"LKA","Sri Lanka",1996,142.0252,0.1,18.37212,1.84,"SAS"
"LCA","St. Lucia",1996,138.1783,0.242,0.149004,0.04,"LAC"
"SDN","Sudan",1996,84.08795,0.397,24.78619,9.84,"SSA"
"SUR","Suriname",1996,212.0088,0.258,0.450036,0.12,"LAC"
"SYR","Syrian Arab Republic",1996,202.5581,0.025,14.755286,0.37,"MNA"
"TJK","Tajikistan",1996,47.46886,0.758,5.84954,4.43,"ECA"
"TZA","Tanzania",1996,41.88386,0.804,30.811854,24.77,"SSA"
"THA","Thailand",1996,266.7332,0.022,60.151472,1.32,"EAP"
"TGO","Togo",1996,80.92848,0.521,4.398238,2.29,"SSA"
"TON","Tonga",1996,278.3406,0.032,0.096369,0,"EAP"
"TTO","Trinidad and Tobago",1996,340.5905,0.024,1.258364,0.03,"LAC"
"TUN","Tunisia",1996,194.6352,0.107,9.256037,0.99,"MNA"
"TUR","Turkey",1996,296.5993,0.025,59.423208,1.49,"ECA"
"TKM","Turkmenistan",1996,83.43529,0.468,4.287344,2.01,"ECA"
"TUV","Tuvalu",1996,195.5913,0.07,0.009256,0,"EAP"
"UGA","Uganda",1996,63.79623,0.623,21.202118,13.21,"SSA"
"UKR","Ukraine",1996,186.2268,0.054,51.057189,2.76,"ECA"
"URY","Uruguay",1996,690.3007,0.004,3.248035,0.01,"LAC"
"UZB","Uzbekistan",1996,89.72922,0.433,23.225,10.06,"ECA"
"VUT","Vanuatu",1996,131.9967,0.18,0.171801,0.03,"EAP"
"VEN","Venezuela, Republica Bolivariana de",1996,261.6691,0.12,22.650102,2.72,"LAC"
"VNM","Vietnam",1996,84.22674,0.426,76.372719,32.53,"EAP"
"PSE","West Bank and Gaza",1996,197.9596,0.041,2.587997,0.11,"MNA"
"YEM","Yemen, Republic of",1996,164.016,0.088,15.889449,1.4,"MNA"
"ZMB","Zambia",1996,109.1567,0.417,9.394304,3.92,"SSA"
"ZWE","Zimbabwe",1996,226.9029,0.063,11.518262,0.73,"SSA"
"ALB","Albania",1999,189.4287,0.016,3.108778,0.05,"ECA"
"DZA","Algeria",1999,176.2399,0.059,30.765613,1.82,"MNA"
"AGO","Angola",1999,136.4937,0.324,15.949766,5.17,"SSA"
"ARG","Argentina",1999,504.4869,0.048,32.599189,1.56,"LAC"
"ARM","Armenia",1999,122.4167,0.169,3.089017,0.52,"ECA"
"AZE","Azerbaijan",1999,197.2029,0.041,7.98275,0.33,"ECA"
"BGD","Bangladesh",1999,86.84166,0.373,129.029691,48.13,"SAS"
"BLR","Belarus",1999,142.9791,0.105,10.026738,1.05,"ECA"
"BLZ","Belize",1999,268.5787,0.139,0.239026,0.03,"LAC"
"BEN","Benin",1999,73.56304,0.536,6.664098,3.57,"SSA"
"BTN","Bhutan",1999,120.4144,0.277,0.557543,0.15,"SAS"
"BOL","Bolivia",1999,249.5361,0.253,8.182712,2.07,"LAC"
"BIH","Bosnia and Herzegovina",1999,339.7818,0.004,3.759118,0.02,"ECA"
"BWA","Botswana",1999,234.7219,0.291,1.699862,0.49,"SSA"
"BRA","Brazil",1999,362.0857,0.134,172.759243,23.15,"LAC"
"BGR","Bulgaria",1999,235.9952,0.024,8.210624,0.2,"ECA"
"BFA","Burkina Faso",1999,56.56286,0.761,11.282701,8.59,"SSA"
"BDI","Burundi",1999,39.53335,0.839,6.27894,5.27,"SSA"
"CPV","Cabo Verde",1999,189.3756,0.212,0.426285,0.09,"SSA"
"CMR","Cameroon",1999,119.4837,0.298,14.891891,4.44,"SSA"
"CAF","Central African Republic",1999,54.66672,0.696,3.676508,2.56,"SSA"
"TCD","Chad",1999,51.5107,0.716,8.041846,5.76,"SSA"
"CHL","Chile",1999,450.1832,0.042,15.076952,0.63,"LAC"
"CHN","China",1999,91.45384,0.402,1252.735,503.6,"EAP"
"COL","Colombia",1999,254.1002,0.201,39.819279,8,"LAC"
"COM","Comoros",1999,230.7968,0.15,0.528848,0.08,"SSA"
"COD","Congo, Democratic Republic of",1999,24.49979,0.932,45.898667,42.78,"SSA"
"COG","Congo, Republic of",1999,75.74482,0.586,3.136344,1.84,"SSA"
"CRI","Costa Rica",1999,381.1787,0.064,3.848723,0.25,"LAC"
"CIV","Cote d'Ivoire",1999,120.6619,0.245,16.300233,3.99,"SSA"
"HRV","Croatia",1999,498.0288,0.002,4.554,0.01,"ECA"
"CZE","Czech Republic",1999,614.662,0.001,10.28386,0.01,"ECA"
"DJI","Djibouti",1999,135.9943,0.2,0.700099,0.14,"MNA"
"DOM","Dominican Republic",1999,424.1171,0.053,8.429112,0.45,"LAC"
"ECU","Ecuador",1999,228.7991,0.218,12.398691,2.7,"LAC"
"EGY","Egypt, Arab Republic of",1999,160.1797,0.024,68.626664,1.65,"MNA"
"SLV","El Salvador",1999,264.5576,0.163,5.825187,0.95,"LAC"
"EST","Estonia",1999,332.7838,0.009,1.390244,0.01,"ECA"
"SWZ","Eswatini",1999,107.6879,0.504,1.045629,0.53,"SSA"
"ETH","Ethiopia",1999,60.00211,0.635,64.640054,41.05,"SSA"
"FJI","Fiji",1999,202.598,0.055,0.806494,0.04,"EAP"
"GAB","Gabon",1999,232.2854,0.058,1.200773,0.07,"SSA"
"GMB","Gambia, The",1999,77.81062,0.568,1.19542,0.68,"SSA"
"GEO","Georgia",1999,145.121,0.187,4.4525,0.83,"ECA"
"GHA","Ghana",1999,103.0602,0.347,18.477612,6.41,"SSA"
"GTM","Guatemala",1999,310.6691,0.111,11.387203,1.26,"LAC"
"GIN","Guinea",1999,74.93825,0.575,8.653769,4.98,"SSA"
"GNB","Guinea-Bissau",1999,63.07805,0.608,1.220794,0.74,"SSA"
"GUY","Guyana",1999,209.6316,0.133,0.755278,0.1,"LAC"
"HTI","Haiti",1999,102.1958,0.545,8.404398,4.58,"LAC"
"HND","Honduras",1999,194.9377,0.265,6.357221,1.68,"LAC"
"HUN","Hungary",1999,377.8301,0,10.23753,0,"ECA"
"IND","India",1999,80.9346,0.42,1034.539214,434.51,"SAS"
"IDN","Indonesia",1999,78.39551,0.417,208.612556,86.99,"EAP"
"IRN","Iran, Islamic Republic of",1999,337.4313,0.024,65.06266,1.56,"MNA"
"IRQ","Iraq",1999,180.1979,0.016,22.878156,0.37,"MNA"
"JAM","Jamaica",1999,336.9953,0.026,2.634882,0.07,"LAC"
"JOR","Jordan",1999,241.4972,0.014,5.014899,0.07,"MNA"
"KAZ","Kazakhstan",1999,174.035,0.099,14.928426,1.48,"ECA"
"KEN","Kenya",1999,114.0825,0.352,30.600397,10.77,"SSA"
"KIR","Kiribati",1999,153.8685,0.129,0.082966,0.01,"EAP"
"KGZ","Kyrgyz Republic",1999,113.4169,0.26,4.8404,1.26,"ECA"
"LAO","Lao People's Democratic Republic",1999,77.73831,0.455,5.241284,2.38,"EAP"
"LVA","Latvia",1999,301.457,0.014,2.390482,0.03,"ECA"
"LBN","Lebanon",1999,611.1473,0,3.156646,0,"MNA"
"LSO","Lesotho",1999,98.92817,0.571,1.850527,1.06,"SSA"
"LBR","Liberia",1999,56.99228,0.663,2.734518,1.81,"SSA"
"LTU","Lithuania",1999,321.5876,0.003,3.524238,0.01,"ECA"
"MKD","North Macedonia",1999,215.9109,0.041,2.024394,0.08,"ECA"
"MDG","Madagascar",1999,58.12392,0.642,15.282521,9.81,"SSA"
"MWI","Malawi",1999,103.4053,0.647,11.044356,7.15,"SSA"
"MYS","Malaysia",1999,464.0956,0.012,22.656286,0.27,"EAP"
"MDV","Maldives",1999,152.6782,0.119,0.274484,0.03,"SAS"
"MLI","Mali",1999,54.75918,0.702,10.663723,7.49,"SSA"
"MRT","Mauritania",1999,138.6904,0.187,2.628803,0.49,"SSA"
"MUS","Mauritius",1999,249.3964,0.016,1.175267,0.02,"SSA"
"MEX","Mexico",1999,271.6744,0.105,100.300579,10.53,"LAC"
"FSM","Micronesia, Federated States of",1999,203.3332,0.095,0.107816,0.01,"EAP"
"MDA","Moldova",1999,99.02082,0.385,3.647001,1.4,"ECA"
"MNG","Mongolia",1999,110.484,0.196,2.376162,0.47,"EAP"
"MNE","Montenegro",1999,322.3794,0.004,0.606001,0,"ECA"
"MAR","Morocco",1999,193.4083,0.072,28.514798,2.05,"MNA"
"MOZ","Mozambique",1999,44.82426,0.819,17.584869,14.4,"SSA"
"MMR","Myanmar",1999,39.63277,0.867,45.539435,39.48,"EAP"
"NAM","Namibia",1999,183.9867,0.383,1.858042,0.71,"SSA"
"NPL","Nepal",1999,76.17542,0.524,23.305994,12.21,"SAS"
"NIC","Nicaragua",1999,165.1781,0.17,4.94966,0.84,"LAC"
"NER","Niger",1999,47.29681,0.779,10.947829,8.53,"SSA"
"NGA","Nigeria",1999,63.81334,0.654,119.327073,78.04,"SSA"
"PAK","Pakistan",1999,102.1112,0.223,135.405584,30.2,"SAS"
"PAN","Panama",1999,410.4248,0.134,2.971197,0.4,"LAC"
"PNG","Papua New Guinea",1999,82.61422,0.546,5.430479,2.97,"EAP"
"PRY","Paraguay",1999,391.5769,0.102,5.196937,0.53,"LAC"
"PER","Peru",1999,272.58,0.176,25.561299,4.5,"LAC"
"PHL","Philippines",1999,162.6095,0.159,76.335812,12.14,"EAP"
"POL","Poland",1999,396.5704,0.001,38.660271,0.04,"ECA"
"ROU","Romania",1999,149.0894,0.064,22.47204,1.44,"ECA"
"RUS","Russian Federation",1999,264.5499,0.034,147.214392,5.01,"ECA"
"RWA","Rwanda",1999,51.20001,0.788,7.593239,5.98,"SSA"
"WSM","Samoa",1999,240.7813,0.038,0.173755,0.01,"EAP"
"SEN","Senegal",1999,81.45534,0.501,9.645957,4.83,"SSA"
"SRB","Serbia",1999,317.6464,0.005,7.540401,0.04,"ECA"
"SYC","Seychelles",1999,582.0014,0.006,0.08041,0,"SSA"
"SLE","Sierra Leone",1999,51.91594,0.718,4.437803,3.19,"SSA"
"SVK","Slovak Republic",1999,466.6708,0.003,5.39602,0.02,"ECA"
"SVN","Slovenia",1999,729.5799,0,1.983045,0,"ECA"
"SLB","Solomon Islands",1999,122.7949,0.316,0.401538,0.13,"EAP"
"ZAF","South Africa",1999,181.081,0.363,45.058775,16.36,"SSA"
"LKA","Sri Lanka",1999,162.3796,0.081,18.669103,1.51,"SAS"
"LCA","St. Lucia",1999,232.7437,0.108,0.155172,0.02,"LAC"
"SDN","Sudan",1999,92.00668,0.341,26.607042,9.07,"SSA"
"SUR","Suriname",1999,217.8257,0.234,0.467003,0.11,"LAC"
"SYR","Syrian Arab Republic",1999,194.9607,0.03,16.016092,0.48,"MNA"
"TJK","Tajikistan",1999,62.94173,0.544,6.114886,3.33,"ECA"
"TZA","Tanzania",1999,37.50478,0.845,33.29154,28.13,"SSA"
"THA","Thailand",1999,254.8698,0.025,62.306651,1.56,"EAP"
"TGO","Togo",1999,84.46975,0.495,4.825704,2.39,"SSA"
"TON","Tonga",1999,292.9013,0.032,0.097591,0,"EAP"
"TTO","Trinidad and Tobago",1999,425.5731,0.012,1.264775,0.02,"LAC"
"TUN","Tunisia",1999,217.2886,0.069,9.603742,0.66,"MNA"
"TUR","Turkey",1999,312.1259,0.02,62.287326,1.25,"ECA"
"TKM","Turkmenistan",1999,88.54329,0.435,4.466132,1.94,"ECA"
"TUV","Tuvalu",1999,242.2928,0.027,0.009345,0,"EAP"
"UGA","Uganda",1999,62.95399,0.655,23.272995,15.24,"SSA"
"UKR","Ukraine",1999,132.4736,0.083,49.67335,4.12,"ECA"
"URY","Uruguay",1999,696.0109,0.003,3.309318,0.01,"LAC"
"UZB","Uzbekistan",1999,79.14899,0.51,24.31165,12.4,"ECA"
"VUT","Vanuatu",1999,137.2952,0.165,0.181345,0.03,"EAP"
"VEN","Venezuela, Republica Bolivariana de",1999,258.4589,0.12,24.028689,2.88,"LAC"
"VNM","Vietnam",1999,91.95329,0.357,79.391374,28.34,"EAP"
"PSE","West Bank and Gaza",1999,308.7486,0.008,2.848431,0.02,"MNA"
"YEM","Yemen, Republic of",1999,167.5465,0.081,17.378098,1.41,"MNA"
"ZMB","Zambia",1999,102.8296,0.44,10.239714,4.51,"SSA"
"ZWE","Zimbabwe",1999,226.982,0.063,12.064537,0.76,"SSA"
"ALB","Albania",2002,191.988,0.02,3.05101,0.06,"ECA"
"DZA","Algeria",2002,192.6514,0.037,31.995046,1.18,"MNA"
"AGO","Angola",2002,136.1805,0.334,17.572649,5.87,"SSA"
"ARG","Argentina",2002,319.208,0.14,33.914775,4.75,"LAC"
"ARM","Armenia",2002,122.0151,0.151,3.033897,0.46,"ECA"
"AZE","Azerbaijan",2002,264.3415,0,8.17195,0,"ECA"
"BGD","Bangladesh",2002,90.63949,0.339,136.600667,46.31,"SAS"
"BLR","Belarus",2002,216.4222,0.021,9.865548,0.21,"ECA"
"BLZ","Belize",2002,309.877,0.117,0.262206,0.03,"LAC"
"BEN","Benin",2002,78.40688,0.49,7.295394,3.57,"SSA"
"BTN","Bhutan",2002,130.7158,0.237,0.606399,0.14,"SAS"
"BOL","Bolivia",2002,241.544,0.247,8.653345,2.14,"LAC"
"BIH","Bosnia and Herzegovina",2002,435.361,0.003,3.775807,0.01,"ECA"
"BWA","Botswana",2002,246.3767,0.302,1.779953,0.54,"SSA"
"BRA","Brazil",2002,411.8456,0.103,180.151021,18.56,"LAC"
"BGR","Bulgaria",2002,295.8736,0.013,7.837161,0.1,"ECA"
"BFA","Burkina Faso",2002,63.37258,0.657,12.2931,8.08,"SSA"
"BDI","Burundi",2002,43.35803,0.809,6.741569,5.45,"SSA"
"CPV","Cabo Verde",2002,218.3755,0.159,0.452106,0.07,"SSA"
"CMR","Cameroon",2002,130.407,0.242,16.084886,3.89,"SSA"
"CAF","Central African Republic",2002,62.08782,0.636,3.907612,2.49,"SSA"
"TCD","Chad",2002,55.25567,0.68,9.001689,6.12,"SSA"
"CHL","Chile",2002,416.3642,0.043,15.623635,0.67,"LAC"
"CHN","China",2002,116.08,0.317,1280.4,405.89,"EAP"
"COL","Colombia",2002,281.9998,0.143,41.572491,5.94,"LAC"
"COM","Comoros",2002,248.7752,0.132,0.569479,0.08,"SSA"
"COD","Congo, Democratic Republic of",2002,21.16991,0.951,49.835756,47.39,"SSA"
"COG","Congo, Republic of",2002,81.42571,0.554,3.40718,1.89,"SSA"
"CRI","Costa Rica",2002,524.4565,0.045,4.063204,0.18,"LAC"
"CIV","Cote d'Ivoire",2002,123.7996,0.232,17.366517,4.03,"SSA"
"HRV","Croatia",2002,672.0663,0.001,4.44,0,"ECA"
"CZE","Czech Republic",2002,650.233,0,10.196916,0,"ECA"
"DJI","Djibouti",2002,134.1671,0.206,0.746221,0.15,"MNA"
"DOM","Dominican Republic",2002,402.4531,0.056,8.832285,0.49,"LAC"
"ECU","Ecuador",2002,252.9047,0.158,13.07206,2.07,"LAC"
"EGY","Egypt, Arab Republic of",2002,159.8385,0.032,72.590118,2.32,"MNA"
"SLV","El Salvador",2002,289.1528,0.14,5.940303,0.83,"LAC"
"EST","Estonia",2002,324.8425,0.013,1.37935,0.02,"ECA"
"SWZ","Eswatini",2002,111.8557,0.475,1.08093,0.51,"SSA"
"ETH","Ethiopia",2002,67.54652,0.516,70.497192,36.38,"SSA"
"FJI","Fiji",2002,207.2736,0.05,0.815691,0.04,"EAP"
"GAB","Gabon",2002,215.4014,0.074,1.294409,0.1,"SSA"
"GMB","Gambia, The",2002,67.63601,0.624,1.311349,0.82,"SSA"
"GEO","Georgia",2002,170.5338,0.105,4.357,0.46,"ECA"
"GHA","Ghana",2002,111.3538,0.312,19.924522,6.22,"SSA"
"GTM","Guatemala",2002,328.4867,0.099,12.208848,1.21,"LAC"
"GIN","Guinea",2002,66.36835,0.616,9.137345,5.63,"SSA"
"GNB","Guinea-Bissau",2002,69.13239,0.539,1.293523,0.7,"SSA"
"GUY","Guyana",2002,214.8469,0.128,0.751884,0.1,"LAC"
"HTI","Haiti",2002,97.97414,0.563,8.834733,4.97,"LAC"
"HND","Honduras",2002,223.9195,0.234,6.863157,1.61,"LAC"
"HUN","Hungary",2002,447.5327,0,10.158608,0,"ECA"
"IND","India",2002,83.20465,0.409,1089.807112,445.73,"SAS"
"IDN","Indonesia",2002,100.8861,0.228,217.508059,49.59,"EAP"
"IRN","Iran, Islamic Republic of",2002,394.9315,0.014,67.98333,0.95,"MNA"
"IRQ","Iraq",2002,159.6612,0.027,24.939299,0.67,"MNA"
"JAM","Jamaica",2002,366.8746,0.028,2.695446,0.08,"LAC"
"JOR","Jordan",2002,271.0301,0.01,5.287488,0.05,"MNA"
"KAZ","Kazakhstan",2002,172.4971,0.068,14.858948,1.01,"ECA"
"KEN","Kenya",2002,101.5326,0.417,33.214009,13.85,"SSA"
"KIR","Kiribati",2002,158.804,0.126,0.087343,0.01,"EAP"
"XKX","Kosovo",2002,174.0949,0.019,1.70231,0.03,"ECA"
"KGZ","Kyrgyz Republic",2002,84.61211,0.341,4.9907,1.7,"ECA"
"LAO","Lao People's Democratic Republic",2002,88.07958,0.347,5.497273,1.91,"EAP"
"LVA","Latvia",2002,381.119,0.007,2.310173,0.02,"ECA"
"LBN","Lebanon",2002,599.3347,0,3.522837,0,"MNA"
"LSO","Lesotho",2002,74.94197,0.608,1.902312,1.16,"SSA"
"LBR","Liberia",2002,69.88758,0.518,3.062863,1.59,"SSA"
"LTU","Lithuania",2002,301.2623,0.005,3.443067,0.02,"ECA"
"MKD","North Macedonia",2002,347.7602,0.014,2.048928,0.03,"ECA"
"MDG","Madagascar",2002,49.97719,0.757,16.765117,12.69,"SSA"
"MWI","Malawi",2002,69.09063,0.733,12.013711,8.81,"SSA"
"MYS","Malaysia",2002,546.247,0.006,24.198811,0.15,"EAP"
"MDV","Maldives",2002,152.3456,0.121,0.294341,0.04,"SAS"
"MLI","Mali",2002,68.22506,0.584,11.638929,6.8,"SSA"
"MRT","Mauritania",2002,137.1342,0.186,2.873228,0.53,"SSA"
"MUS","Mauritius",2002,277.8604,0.009,1.204621,0.01,"SSA"
"MEX","Mexico",2002,299.1423,0.066,104.355608,6.89,"LAC"
"FSM","Micronesia, Federated States of",2002,219.3186,0.085,0.106983,0.01,"EAP"
"MDA","Moldova",2002,134.4574,0.163,3.623062,0.59,"ECA"
"MNG","Mongolia",2002,151.5149,0.097,2.443659,0.24,"EAP"
"MNE","Montenegro",2002,363.9521,0.002,0.609828,0,"ECA"
"MAR","Morocco",2002,201.6864,0.057,29.512368,1.68,"MNA"
"MOZ","Mozambique",2002,46.91365,0.81,19.139658,15.5,"SSA"
"MMR","Myanmar",2002,54.32129,0.726,47.14022,34.22,"EAP"
"NAM","Namibia",2002,191.1693,0.363,1.962147,0.71,"SSA"
"NPL","Nepal",2002,86.2995,0.483,24.566342,11.87,"SAS"
"NIC","Nicaragua",2002,158.6843,0.163,5.171734,0.84,"LAC"
"NER","Niger",2002,49.83163,0.765,12.206002,9.34,"SSA"
"NGA","Nigeria",2002,68.76927,0.577,128.66671,74.24,"SSA"
"PAK","Pakistan",2002,91.18255,0.284,144.654143,41.08,"SAS"
"PAN","Panama",2002,419.3773,0.112,3.149265,0.35,"LAC"
"PNG","Papua New Guinea",2002,76.22567,0.551,5.862316,3.23,"EAP"
"PRY","Paraguay",2002,323.8117,0.132,5.508611,0.73,"LAC"
"PER","Peru",2002,272.0515,0.15,26.601467,3.99,"LAC"
"PHL","Philippines",2002,162.7234,0.136,81.35206,11.06,"EAP"
"POL","Poland",2002,394.9189,0.001,38.230364,0.04,"ECA"
"ROU","Romania",2002,163.9489,0.054,21.730496,1.17,"ECA"
"RUS","Russian Federation",2002,361.6025,0.007,145.306046,1.02,"ECA"
"RWA","Rwanda",2002,59.69806,0.734,8.536205,6.27,"SSA"
"WSM","Samoa",2002,282.6665,0.02,0.176582,0,"EAP"
"SEN","Senegal",2002,83.4088,0.481,10.396861,5,"SSA"
"SRB","Serbia",2002,395.0011,0.002,7.496522,0.01,"ECA"
"SYC","Seychelles",2002,530.0111,0.007,0.083723,0,"SSA"
"SLE","Sierra Leone",2002,62.68161,0.639,4.957216,3.17,"SSA"
"SVK","Slovak Republic",2002,475.3117,0.001,5.376912,0.01,"ECA"
"SVN","Slovenia",2002,745.3024,0,1.99453,0,"ECA"
"SLB","Solomon Islands",2002,86.86742,0.502,0.435262,0.22,"EAP"
"ZAF","South Africa",2002,200.55,0.337,47.026173,15.85,"SSA"
"LKA","Sri Lanka",2002,173.8357,0.083,19.0593,1.58,"SAS"
"LCA","St. Lucia",2002,223.9484,0.262,0.159763,0.04,"LAC"
"SDN","Sudan",2002,101.9365,0.285,28.679565,8.17,"SSA"
"SUR","Suriname",2002,230.3184,0.214,0.483044,0.1,"LAC"
"SYR","Syrian Arab Republic",2002,210.0421,0.02,17.087901,0.34,"MNA"
"TJK","Tajikistan",2002,87.74469,0.329,6.447688,2.12,"ECA"
"TZA","Tanzania",2002,42.66325,0.803,36.105808,28.99,"SSA"
"THA","Thailand",2002,284.253,0.011,64.073164,0.7,"EAP"
"TLS","Timor-Leste",2002,77.70906,0.461,0.923825,0.43,"EAP"
"TGO","Togo",2002,75.06166,0.564,5.251472,2.96,"SSA"
"TON","Tonga",2002,316.5379,0.022,0.099184,0,"EAP"
"TTO","Trinidad and Tobago",2002,506.2919,0.007,1.277837,0.01,"LAC"
"TUN","Tunisia",2002,231.7846,0.049,9.864326,0.48,"MNA"
"TUR","Turkey",2002,298.6384,0.025,65.143054,1.63,"ECA"
"TKM","Turkmenistan",2002,94.6441,0.398,4.610002,1.83,"ECA"
"TUV","Tuvalu",2002,255.1746,0.023,0.009635,0,"EAP"
"UGA","Uganda",2002,67.07863,0.652,25.718048,16.77,"SSA"
"UKR","Ukraine",2002,201.2355,0.017,48.2025,0.82,"ECA"
"URY","Uruguay",2002,537.0098,0.006,3.327773,0.02,"LAC"
"UZB","Uzbekistan",2002,65.43861,0.582,25.27185,14.71,"ECA"
"VUT","Vanuatu",2002,124.5197,0.209,0.193956,0.04,"EAP"
"VEN","Venezuela, Republica Bolivariana de",2002,218.6359,0.182,25.4087,4.62,"LAC"
"VNM","Vietnam",2002,92.28647,0.38,81.956496,31.14,"EAP"
"PSE","West Bank and Gaza",2002,260.2315,0.018,3.075373,0.06,"MNA"
"YEM","Yemen, Republic of",2002,157.1741,0.092,18.919179,1.74,"MNA"
"ZMB","Zambia",2002,85.88587,0.495,11.120409,5.5,"SSA"
"ZWE","Zimbabwe",2002,196.2614,0.107,12.500525,1.34,"SSA"
"ALB","Albania",2005,217.0335,0.011,3.011487,0.03,"ECA"
"DZA","Algeria",2005,207.8678,0.021,33.288437,0.7,"MNA"
"AGO","Angola",2005,131.0922,0.337,19.552542,6.59,"SSA"
"ARG","Argentina",2005,533.4941,0.037,35.243074,1.3,"LAC"
"ARM","Armenia",2005,171.3197,0.045,2.981259,0.13,"ECA"
"AZE","Azerbaijan",2005,315.138,0,8.39185,0,"ECA"
"BGD","Bangladesh",2005,100.0051,0.257,143.431101,36.86,"SAS"
"BLR","Belarus",2005,308.427,0.004,9.663915,0.04,"ECA"
"BLZ","Belize",2005,290.7164,0.125,0.283277,0.04,"LAC"
"BEN","Benin",2005,78.72796,0.504,7.982225,4.02,"SSA"
"BTN","Bhutan",2005,168.6335,0.102,0.656639,0.07,"SAS"
"BOL","Bolivia",2005,295.6,0.193,9.125409,1.76,"LAC"
"BIH","Bosnia and Herzegovina",2005,584.9038,0.001,3.78153,0,"ECA"
"BWA","Botswana",2005,266.1686,0.253,1.855852,0.47,"SSA"
"BRA","Brazil",2005,413.6055,0.086,186.917361,16.07,"LAC"
"BGR","Bulgaria",2005,321.3432,0.007,7.658972,0.05,"ECA"
"BFA","Burkina Faso",2005,72.10616,0.566,13.42193,7.6,"SSA"
"BDI","Burundi",2005,45.3601,0.797,7.423289,5.92,"SSA"
"CPV","Cabo Verde",2005,227.882,0.118,0.474567,0.06,"SSA"
"CMR","Cameroon",2005,127.372,0.27,17.420795,4.7,"SSA"
"CAF","Central African Republic",2005,64.55714,0.654,4.12791,2.7,"SSA"
"TCD","Chad",2005,94.00473,0.398,10.067009,4.01,"SSA"
"CHL","Chile",2005,439.4437,0.029,16.147064,0.47,"LAC"
"CHN","China",2005,150.9695,0.185,1303.72,241.19,"EAP"
"COL","Colombia",2005,315.9018,0.097,43.285634,4.2,"LAC"
"COM","Comoros",2005,239.5793,0.14,0.611627,0.09,"SSA"
"COD","Congo, Democratic Republic of",2005,23.30422,0.938,54.751476,51.36,"SSA"
"COG","Congo, Republic of",2005,83.87244,0.534,3.718243,1.99,"SSA"
"CRI","Costa Rica",2005,498.4477,0.031,4.247841,0.13,"LAC"
"CIV","Cote d'Ivoire",2005,119.2185,0.272,18.336303,4.99,"SSA"
"HRV","Croatia",2005,829.2174,0,4.442,0,"ECA"
"CZE","Czech Republic",2005,706.8883,0,10.211216,0,"ECA"
"DJI","Djibouti",2005,139.6335,0.203,0.783254,0.16,"MNA"
"DOM","Dominican Republic",2005,352.8938,0.056,9.237566,0.52,"LAC"
"ECU","Ecuador",2005,302.1385,0.121,13.735233,1.66,"LAC"
"EGY","Egypt, Arab Republic of",2005,148.2199,0.043,76.778149,3.3,"MNA"
"SLV","El Salvador",2005,279.9975,0.104,6.028961,0.63,"LAC"
"EST","Estonia",2005,535.4376,0.007,1.354775,0.01,"ECA"
"SWZ","Eswatini",2005,115.1259,0.449,1.105873,0.5,"SSA"
"ETH","Ethiopia",2005,81.30463,0.37,76.727083,28.39,"SSA"
"FJI","Fiji",2005,227.1941,0.037,0.821817,0.03,"EAP"
"GAB","Gabon",2005,210.0533,0.08,1.403126,0.11,"SSA"
"GMB","Gambia, The",2005,102.2216,0.423,1.444204,0.61,"SSA"
"GEO","Georgia",2005,172.2737,0.109,4.19,0.46,"ECA"
"GHA","Ghana",2005,128.2649,0.258,21.542009,5.56,"SSA"
"GTM","Guatemala",2005,332.0691,0.108,13.096028,1.41,"LAC"
"GIN","Guinea",2005,65.3484,0.611,9.679745,5.91,"SSA"
"GNB","Guinea-Bissau",2005,69.14085,0.588,1.380838,0.81,"SSA"
"GUY","Guyana",2005,212.8615,0.13,0.750946,0.1,"LAC"
"HTI","Haiti",2005,95.43351,0.574,9.263404,5.32,"LAC"
"HND","Honduras",2005,237.7785,0.265,7.37343,1.95,"LAC"
"HUN","Hungary",2005,530.1974,0,10.087065,0,"ECA"
"IND","India",2005,87.83426,0.375,1144.118674,429.04,"SAS"
"IDN","Indonesia",2005,106.5834,0.211,226.71273,47.84,"EAP"
"IRN","Iran, Islamic Republic of",2005,534.7625,0.004,70.421811,0.28,"MNA"
"IRQ","Iraq",2005,158.7353,0.028,27.008426,0.76,"MNA"
"JAM","Jamaica",2005,367.4689,0.017,2.744673,0.05,"LAC"
"JOR","Jordan",2005,292.2568,0.004,5.714111,0.02,"MNA"
"KAZ","Kazakhstan",2005,214.8453,0.069,15.147029,1.05,"ECA"
"KEN","Kenya",2005,97.89624,0.439,36.048288,15.83,"SSA"
"KIR","Kiribati",2005,158.2166,0.126,0.092325,0.01,"EAP"
"XKX","Kosovo",2005,189.7905,0.03,1.70578,0.05,"ECA"
"KGZ","Kyrgyz Republic",2005,118.6387,0.153,5.1626,0.79,"ECA"
"LAO","Lao People's Democratic Republic",2005,99.40614,0.274,5.754026,1.58,"EAP"
"LVA","Latvia",2005,441.3799,0.022,2.238799,0.05,"ECA"
"LBN","Lebanon",2005,557.1429,0,3.986852,0,"MNA"
"LSO","Lesotho",2005,70.54327,0.614,1.949543,1.2,"SSA"
"LBR","Liberia",2005,49.53713,0.737,3.26123,2.4,"SSA"
"LTU","Lithuania",2005,433.783,0.017,3.322528,0.06,"ECA"
"MKD","North Macedonia",2005,366.0316,0.014,2.060272,0.03,"ECA"
"MDG","Madagascar",2005,55.10203,0.72,18.336724,13.2,"SSA"
"MWI","Malawi",2005,54.02526,0.734,13.039711,9.57,"SSA"
"MYS","Malaysia",2005,628.8006,0.005,25.659393,0.13,"EAP"
"MDV","Maldives",2005,150.6595,0.131,0.318836,0.04,"SAS"
"MLI","Mali",2005,75.57906,0.525,12.798763,6.72,"SSA"
"MRT","Mauritania",2005,152.0173,0.134,3.13072,0.42,"SSA"
"MUS","Mauritius",2005,302.4182,0.007,1.228254,0.01,"SSA"
"MEX","Mexico",2005,312.4386,0.062,108.472228,6.73,"LAC"
"FSM","Micronesia, Federated States of",2005,222.6812,0.081,0.106196,0.01,"EAP"
"MDA","Moldova",2005,142.5947,0.139,3.595187,0.5,"ECA"
"MNG","Mongolia",2005,196.0145,0.039,2.526446,0.1,"EAP"
"MNE","Montenegro",2005,376.6724,0.002,0.614261,0,"ECA"
"MAR","Morocco",2005,221.2011,0.042,30.52107,1.28,"MNA"
"MOZ","Mozambique",2005,51.71314,0.77,20.92307,16.11,"SSA"
"MMR","Myanmar",2005,77.55121,0.502,48.482614,24.34,"EAP"
"NAM","Namibia",2005,218.034,0.292,2.032196,0.59,"SSA"
"NPL","Nepal",2005,96.08608,0.401,25.640287,10.28,"SAS"
"NIC","Nicaragua",2005,155.2498,0.155,5.379328,0.83,"LAC"
"NER","Niger",2005,52.84214,0.749,13.618449,10.2,"SSA"
"NGA","Nigeria",2005,71.76733,0.536,138.939478,74.47,"SSA"
"PAK","Pakistan",2005,112.5052,0.159,153.909667,24.47,"SAS"
"PAN","Panama",2005,426.8563,0.1,3.330465,0.33,"LAC"
"PNG","Papua New Guinea",2005,80.85614,0.508,6.314709,3.21,"EAP"
"PRY","Paraguay",2005,376.9931,0.061,5.795494,0.35,"LAC"
"PER","Peru",2005,245.9308,0.153,27.61041,4.22,"LAC"
"PHL","Philippines",2005,166.0398,0.142,86.274237,12.25,"EAP"
"POL","Poland",2005,407.9126,0.001,38.165445,0.04,"ECA"
"ROU","Romania",2005,204.8372,0.021,21.319685,0.45,"ECA"
"RUS","Russian Federation",2005,472.3805,0.005,143.518523,0.72,"ECA"
"RWA","Rwanda",2005,66.74441,0.698,8.991735,6.28,"SSA"
"WSM","Samoa",2005,293.2524,0.013,0.179929,0,"EAP"
"SEN","Senegal",2005,94.18383,0.383,11.251266,4.31,"SSA"
"SRB","Serbia",2005,377.1875,0.009,7.440769,0.07,"ECA"
"SYC","Seychelles",2005,494.0611,0.005,0.082858,0,"SSA"
"SLE","Sierra Leone",2005,67.72361,0.592,5.658379,3.35,"SSA"
"SVK","Slovak Republic",2005,463.7378,0,5.372807,0,"ECA"
"SVN","Slovenia",2005,932.8355,0,2.000474,0,"ECA"
"SLB","Solomon Islands",2005,94.76815,0.456,0.469885,0.21,"EAP"
"ZAF","South Africa",2005,269.6453,0.261,48.820586,12.74,"SSA"
"LKA","Sri Lanka",2005,192.6338,0.052,19.524558,1.02,"SAS"
"LCA","St. Lucia",2005,293.5214,0.091,0.163714,0.01,"LAC"
"SDN","Sudan",2005,112.8755,0.238,30.911914,7.36,"SSA"
"SUR","Suriname",2005,268.7454,0.209,0.498946,0.1,"LAC"
"SYR","Syrian Arab Republic",2005,224.4024,0.014,18.294611,0.26,"MNA"
"TJK","Tajikistan",2005,128.9182,0.13,6.854176,0.89,"ECA"
"TZA","Tanzania",2005,58.54239,0.667,39.410545,26.29,"SSA"
"THA","Thailand",2005,344.4605,0.006,65.42547,0.39,"EAP"
"TLS","Timor-Leste",2005,72.5773,0.463,1.026484,0.48,"EAP"
"TGO","Togo",2005,75.21509,0.563,5.683268,3.2,"SSA"
"TON","Tonga",2005,313.0842,0.017,0.101041,0,"EAP"
"TTO","Trinidad and Tobago",2005,654.5217,0.003,1.296934,0,"LAC"
"TUN","Tunisia",2005,244.7865,0.035,10.102482,0.35,"MNA"
"TUR","Turkey",2005,370.886,0.026,67.903406,1.77,"ECA"
"TKM","Turkmenistan",2005,112.4725,0.307,4.754641,1.46,"ECA"
"TUV","Tuvalu",2005,224.9822,0.036,0.010027,0,"EAP"
"UGA","Uganda",2005,73.74622,0.579,28.54394,16.53,"SSA"
"UKR","Ukraine",2005,299.2862,0.003,47.10515,0.14,"ECA"
"URY","Uruguay",2005,516.0521,0.006,3.325612,0.02,"LAC"
"UZB","Uzbekistan",2005,70.03859,0.535,26.167,14,"ECA"
"VUT","Vanuatu",2005,150.9953,0.126,0.20937,0.03,"EAP"
"VEN","Venezuela, Republica Bolivariana de",2005,251.354,0.189,26.784161,5.06,"LAC"
"VNM","Vietnam",2005,114.8742,0.232,84.308843,19.56,"EAP"
"PSE","West Bank and Gaza",2005,309.5211,0.009,3.320396,0.03,"MNA"
"YEM","Yemen, Republic of",2005,144.5244,0.097,20.582927,2,"MNA"
"ZMB","Zambia",2005,86.47578,0.575,12.052156,6.93,"SSA"
"ZWE","Zimbabwe",2005,139.7682,0.237,12.940032,3.07,"SSA"
"ALB","Albania",2008,237.5353,0.004,2.947314,0.01,"ECA"
"DZA","Algeria",2008,224.895,0.011,34.860715,0.38,"MNA"
"AGO","Angola",2008,128.7009,0.286,21.75942,6.22,"SSA"
"ARG","Argentina",2008,626.3756,0.026,36.558177,0.95,"LAC"
"ARM","Armenia",2008,188.2736,0.014,2.90822,0.04,"ECA"
"AZE","Azerbaijan",2008,517.9765,0,8.7634,0,"ECA"
"BGD","Bangladesh",2008,105.2117,0.214,148.805814,31.84,"SAS"
"BLR","Belarus",2008,425.8696,0,9.527985,0,"ECA"
"BLZ","Belize",2008,266.0082,0.139,0.306165,0.04,"LAC"
"BEN","Benin",2008,83.0946,0.497,8.696916,4.32,"SSA"
"BTN","Bhutan",2008,173.1598,0.101,0.70095,0.07,"SAS"
"BOL","Bolivia",2008,328.9363,0.111,9.599855,1.07,"LAC"
"BIH","Bosnia and Herzegovina",2008,636.8216,0.001,3.763599,0,"ECA"
"BWA","Botswana",2008,315.1884,0.171,1.946351,0.33,"SSA"
"BRA","Brazil",2008,484.0647,0.056,192.979029,10.81,"LAC"
"BGR","Bulgaria",2008,491.5847,0.012,7.492561,0.09,"ECA"
"BFA","Burkina Faso",2008,74.63837,0.544,14.689726,7.99,"SSA"
"BDI","Burundi",2008,48.76165,0.767,8.212264,6.3,"SSA"
"CPV","Cabo Verde",2008,252.1515,0.071,0.491723,0.03,"SSA"
"CMR","Cameroon",2008,126.8042,0.288,18.907008,5.45,"SSA"
"CAF","Central African Republic",2008,73.71603,0.663,4.345386,2.88,"SSA"
"TCD","Chad",2008,90.68986,0.422,11.133861,4.7,"SSA"
"CHL","Chile",2008,487.6892,0.023,16.661942,0.38,"LAC"
"CHN","China",2008,185.912,0.148,1324.655,196.05,"EAP"
"COL","Colombia",2008,359.319,0.104,44.901544,4.67,"LAC"
"COM","Comoros",2008,214.9642,0.158,0.657229,0.1,"SSA"
"COD","Congo, Democratic Republic of",2008,31.79219,0.883,60.373608,53.31,"SSA"
"COG","Congo, Republic of",2008,95.08071,0.475,4.115435,1.95,"SSA"
"CRI","Costa Rica",2008,582.5395,0.022,4.429508,0.1,"LAC"
"CIV","Cote d'Ivoire",2008,118.7811,0.291,19.497986,5.67,"SSA"
"HRV","Croatia",2008,819.0623,0,4.434508,0,"ECA"
"CZE","Czech Republic",2008,804.6226,0,10.384603,0,"ECA"
"DJI","Djibouti",2008,151.4479,0.187,0.822934,0.15,"MNA"
"DOM","Dominican Republic",2008,355.2986,0.037,9.63652,0.36,"LAC"
"ECU","Ecuador",2008,339.1823,0.075,14.447562,1.08,"LAC"
"EGY","Egypt, Arab Republic of",2008,148.9722,0.04,80.953881,3.24,"MNA"
"SLV","El Salvador",2008,288.2602,0.067,6.110301,0.41,"LAC"
"EST","Estonia",2008,725.7051,0.005,1.33709,0.01,"ECA"
"SWZ","Eswatini",2008,117.1812,0.427,1.158897,0.49,"SSA"
"ETH","Ethiopia",2008,84.42273,0.354,83.184892,29.45,"SSA"
"FJI","Fiji",2008,234.0777,0.034,0.84334,0.03,"EAP"
"GAB","Gabon",2008,211.9306,0.084,1.536411,0.13,"SSA"
"GMB","Gambia, The",2008,114.6821,0.335,1.588572,0.53,"SSA"
"GEO","Georgia",2008,180.2235,0.104,4.03,0.42,"ECA"
"GHA","Ghana",2008,145.1363,0.214,23.29864,4.99,"SSA"
"GTM","Guatemala",2008,325.5784,0.1,14.006366,1.4,"LAC"
"GIN","Guinea",2008,70.89553,0.55,10.323142,5.68,"SSA"
"GNB","Guinea-Bissau",2008,69.156,0.638,1.480841,0.94,"SSA"
"GUY","Guyana",2008,245.7387,0.104,0.746314,0.08,"LAC"
"HTI","Haiti",2008,100.4467,0.556,9.705029,5.4,"LAC"
"HND","Honduras",2008,289.9631,0.165,7.872658,1.3,"LAC"
"HUN","Hungary",2008,600.8925,0,10.038188,0,"ECA"
"IND","India",2008,93.41061,0.334,1197.146906,399.85,"SAS"
"IDN","Indonesia",2008,113.3383,0.218,236.159276,51.48,"EAP"
"IRN","Iran, Islamic Republic of",2008,544.7626,0.008,72.845542,0.58,"MNA"
"IRQ","Iraq",2008,170.9522,0.022,29.111417,0.64,"MNA"
"JAM","Jamaica",2008,374.2267,0.016,2.790122,0.04,"LAC"
"JOR","Jordan",2008,297.9895,0.001,6.489822,0.01,"MNA"
"KAZ","Kazakhstan",2008,276.7113,0.001,15.674,0.02,"ECA"
"KEN","Kenya",2008,98.33105,0.421,39.148416,16.48,"SSA"
"KIR","Kiribati",2008,148.1683,0.14,0.09844,0.01,"EAP"
"XKX","Kosovo",2008,210.512,0.024,1.747383,0.04,"ECA"
"KGZ","Kyrgyz Republic",2008,166.1927,0.04,5.3187,0.21,"ECA"
"LAO","Lao People's Democratic Republic",2008,104.3643,0.259,6.05219,1.57,"EAP"
"LVA","Latvia",2008,611.1643,0,2.177322,0,"ECA"
"LBN","Lebanon",2008,657.4678,0,4.111047,0,"MNA"
"LSO","Lesotho",2008,73.94465,0.599,1.99993,1.2,"SSA"
"LBR","Liberia",2008,57.84612,0.649,3.662993,2.38,"SSA"
"LTU","Lithuania",2008,555.0648,0.001,3.198231,0,"ECA"
"MKD","North Macedonia",2008,505.5801,0.006,2.067378,0.01,"ECA"
"MDG","Madagascar",2008,55.77406,0.715,19.996469,14.3,"SSA"
"MWI","Malawi",2008,55.1707,0.725,14.271234,10.35,"SSA"
"MYS","Malaysia",2008,559.1489,0.005,27.111069,0.14,"EAP"
"MDV","Maldives",2008,212.4812,0.052,0.345054,0.02,"SAS"
"MLI","Mali",2008,74.08037,0.507,14.138216,7.17,"SSA"
"MRT","Mauritania",2008,160.3203,0.108,3.407541,0.37,"SSA"
"MUS","Mauritius",2008,349.7776,0.004,1.244121,0,"SSA"
"MEX","Mexico",2008,305.2106,0.041,113.661809,4.66,"LAC"
"FSM","Micronesia, Federated States of",2008,192.7649,0.113,0.104478,0.01,"EAP"
"MDA","Moldova",2008,267.3504,0.013,3.570108,0.05,"ECA"
"MNG","Mongolia",2008,251.7315,0.011,2.628131,0.03,"EAP"
"MNE","Montenegro",2008,504.2928,0.002,0.616969,0,"ECA"
"MAR","Morocco",2008,257.573,0.023,31.596855,0.73,"MNA"
"MOZ","Mozambique",2008,58.11674,0.703,22.846758,16.06,"SSA"
"MMR","Myanmar",2008,106.0968,0.274,49.479752,13.56,"EAP"
"NAM","Namibia",2008,235.2059,0.238,2.106375,0.5,"SSA"
"NPL","Nepal",2008,104.9521,0.282,26.475859,7.47,"SAS"
"NIC","Nicaragua",2008,245.2409,0.072,5.594506,0.4,"LAC"
"NER","Niger",2008,60.24305,0.663,15.228525,10.1,"SSA"
"NGA","Nigeria",2008,73.8785,0.539,150.34739,81.04,"SSA"
"PAK","Pakistan",2008,117.3036,0.119,163.644603,19.47,"SAS"
"PAN","Panama",2008,546.6619,0.052,3.516268,0.18,"LAC"
"PNG","Papua New Guinea",2008,87.22488,0.445,6.787187,3.02,"EAP"
"PRY","Paraguay",2008,391.9667,0.043,6.047117,0.26,"LAC"
"PER","Peru",2008,322.5284,0.09,28.64198,2.58,"LAC"
"PHL","Philippines",2008,174.0052,0.116,90.751864,10.53,"EAP"
"POL","Poland",2008,494.0287,0,38.125759,0,"ECA"
"ROU","Romania",2008,271.7757,0,20.537875,0,"ECA"
"RUS","Russian Federation",2008,660.0216,0.001,142.74235,0.14,"ECA"
"RWA","Rwanda",2008,71.89207,0.656,9.708169,6.37,"SSA"
"WSM","Samoa",2008,300.6514,0.006,0.183526,0,"EAP"
"SEN","Senegal",2008,97.43554,0.364,12.203957,4.44,"SSA"
"SRB","Serbia",2008,363.9298,0.001,7.350222,0.01,"ECA"
"SYC","Seychelles",2008,535.2169,0.004,0.086956,0,"SSA"
"SLE","Sierra Leone",2008,69.39466,0.56,6.165372,3.45,"SSA"
"SVK","Slovak Republic",2008,530.3413,0,5.379233,0,"ECA"
"SVN","Slovenia",2008,1047.162,0,2.021316,0,"ECA"
"SLB","Solomon Islands",2008,103.4904,0.365,0.504477,0.18,"EAP"
"ZAF","South Africa",2008,337.6565,0.174,50.412129,8.77,"SSA"
"SSD","South Sudan",2008,97.7008,0.429,9.263136,3.97,"SSA"
"LKA","Sri Lanka",2008,209.9321,0.027,19.945832,0.54,"SAS"
"LCA","St. Lucia",2008,527.2437,0.038,0.16922,0.01,"LAC"
"SDN","Sudan",2008,138.0463,0.152,32.955496,5.01,"SSA"
"SUR","Suriname",2008,301.4416,0.194,0.515148,0.1,"LAC"
"SYR","Syrian Arab Republic",2008,243.1315,0.008,20.325443,0.16,"MNA"
"TJK","Tajikistan",2008,152.5453,0.075,7.309728,0.55,"ECA"
"TZA","Tanzania",2008,68.96261,0.582,43.270144,25.18,"SSA"
"THA","Thailand",2008,378.6387,0.001,66.54576,0.07,"EAP"
"TLS","Timor-Leste",2008,65.84346,0.524,1.07811,0.56,"EAP"
"TGO","Togo",2008,76.47929,0.556,6.161796,3.43,"SSA"
"TON","Tonga",2008,293.216,0.015,0.103005,0,"EAP"
"TTO","Trinidad and Tobago",2008,791.2658,0.002,1.315372,0,"LAC"
"TUN","Tunisia",2008,266.8392,0.026,10.407336,0.27,"MNA"
"TUR","Turkey",2008,434.7689,0.006,70.440032,0.42,"ECA"
"TKM","Turkmenistan",2008,153.1605,0.169,4.935762,0.83,"ECA"
"TUV","Tuvalu",2008,255.9094,0.023,0.01034,0,"EAP"
"UGA","Uganda",2008,89.50367,0.472,31.663896,14.95,"SSA"
"UKR","Ukraine",2008,352.645,0,46.2582,0,"ECA"
"URY","Uruguay",2008,630.6447,0.002,3.350824,0.01,"LAC"
"UZB","Uzbekistan",2008,86.29619,0.379,27.3028,10.35,"ECA"
"VUT","Vanuatu",2008,148.2359,0.132,0.22534,0.03,"EAP"
"VEN","Venezuela, Republica Bolivariana de",2008,378.6612,0.089,28.141701,2.5,"LAC"
"VNM","Vietnam",2008,131.3499,0.148,86.707801,12.83,"EAP"
"PSE","West Bank and Gaza",2008,264.8003,0.018,3.596688,0.06,"MNA"
"YEM","Yemen, Republic of",2008,143.1486,0.108,22.356391,2.41,"MNA"
"ZMB","Zambia",2008,79.31639,0.626,13.082517,8.19,"SSA"
"ZWE","Zimbabwe",2008,102.149,0.39,13.558469,5.29,"SSA"
"ALB","Albania",2010,233.2904,0.009,2.913021,0.03,"ECA"
"DZA","Algeria",2010,238.8934,0.006,36.117637,0.22,"MNA"
"AGO","Angola",2010,120.5281,0.302,23.369131,7.06,"SSA"
"ARG","Argentina",2010,667.7832,0.022,37.451491,0.82,"LAC"
"ARM","Armenia",2010,170.8403,0.019,2.877311,0.05,"ECA"
"AZE","Azerbaijan",2010,453.5098,0,9.054332,0,"ECA"
"BGD","Bangladesh",2010,107.04,0.196,152.149102,29.82,"SAS"
"BLR","Belarus",2010,485.2324,0,9.490583,0,"ECA"
"BLZ","Belize",2010,278.6074,0.137,0.321608,0.04,"LAC"
"BEN","Benin",2010,81.90161,0.523,9.199259,4.81,"SSA"
"BTN","Bhutan",2010,220.4764,0.043,0.727641,0.03,"SAS"
"BOL","Bolivia",2010,361.1272,0.089,9.918242,0.88,"LAC"
"BIH","Bosnia and Herzegovina",2010,593.0928,0.001,3.722084,0,"ECA"
"BWA","Botswana",2010,292.5983,0.177,2.014866,0.36,"SSA"
"BRA","Brazil",2010,520.4531,0.05,196.796269,9.84,"LAC"
"BGR","Bulgaria",2010,491.2321,0.02,7.395599,0.15,"ECA"
"BFA","Burkina Faso",2010,74.42018,0.537,15.605217,8.38,"SSA"
"BDI","Burundi",2010,50.52182,0.751,8.76693,6.58,"SSA"
"CPV","Cabo Verde",2010,247.2392,0.077,0.502384,0.04,"SSA"
"CMR","Cameroon",2010,127.0618,0.302,19.970495,6.03,"SSA"
"CAF","Central African Republic",2010,75.46899,0.652,4.448525,2.9,"SSA"
"TCD","Chad",2010,100.6228,0.371,11.887202,4.41,"SSA"
"CHL","Chile",2010,497.1824,0.021,16.993354,0.36,"LAC"
"CHN","China",2010,218.4609,0.112,1337.705,149.82,"EAP"
"COL","Colombia",2010,388.5917,0.077,45.918097,3.54,"LAC"
"COM","Comoros",2010,202.454,0.165,0.689692,0.11,"SSA"
"COD","Congo, Democratic Republic of",2010,35.40178,0.854,64.523263,55.1,"SSA"
"COG","Congo, Republic of",2010,115.4489,0.377,4.386693,1.65,"SSA"
"CRI","Costa Rica",2010,630.8977,0.015,4.54528,0.07,"LAC"
"CIV","Cote d'Ivoire",2010,113.1385,0.316,20.401331,6.45,"SSA"
"HRV","Croatia",2010,674.5119,0,4.417781,0,"ECA"
"CZE","Czech Republic",2010,814.8165,0,10.47441,0,"ECA"
"DJI","Djibouti",2010,157.5618,0.186,0.851146,0.16,"MNA"
"DOM","Dominican Republic",2010,378.5187,0.025,9.897985,0.25,"LAC"
"ECU","Ecuador",2010,361.8706,0.056,14.93469,0.84,"LAC"
"EGY","Egypt, Arab Republic of",2010,161.1925,0.022,84.107606,1.85,"MNA"
"SLV","El Salvador",2010,275.9051,0.055,6.164626,0.34,"LAC"
"EST","Estonia",2010,642.2893,0.007,1.331475,0.01,"ECA"
"SWZ","Eswatini",2010,118.8813,0.413,1.202843,0.5,"SSA"
"ETH","Ethiopia",2010,86.84577,0.339,87.70267,29.73,"SSA"
"FJI","Fiji",2010,226.8426,0.03,0.85995,0.03,"EAP"
"GAB","Gabon",2010,226.8127,0.074,1.64021,0.12,"SSA"
"GMB","Gambia, The",2010,130.3954,0.247,1.692149,0.42,"SSA"
"GEO","Georgia",2010,177.5693,0.122,3.926,0.48,"ECA"
"GHA","Ghana",2010,155.4697,0.187,24.512104,4.58,"SSA"
"GTM","Guatemala",2010,296.1836,0.102,14.630417,1.49,"LAC"
"GIN","Guinea",2010,68.5435,0.545,10.79417,5.88,"SSA"
"GNB","Guinea-Bissau",2010,69.18294,0.671,1.55588,1.04,"SSA"
"GUY","Guyana",2010,264.9128,0.092,0.746556,0.07,"LAC"
"HTI","Haiti",2010,97.09933,0.569,9.999617,5.69,"LAC"
"HND","Honduras",2010,282.7019,0.15,8.194778,1.23,"LAC"
"HUN","Hungary",2010,595.7624,0,10.000023,0,"ECA"
"IND","India",2010,100.5388,0.279,1230.980691,343.44,"SAS"
"IDN","Indonesia",2010,132.1036,0.157,242.524123,38.08,"EAP"
"IRN","Iran, Islamic Republic of",2010,540.5241,0.007,74.567511,0.52,"MNA"
"IRQ","Iraq",2010,172.5841,0.024,30.762701,0.74,"MNA"
"JAM","Jamaica",2010,349.3867,0.02,2.81721,0.06,"LAC"
"JOR","Jordan",2010,325.3844,0.001,7.18239,0.01,"MNA"
"KAZ","Kazakhstan",2010,290.4186,0.001,16.321872,0.02,"ECA"
"KEN","Kenya",2010,98.84049,0.407,41.350152,16.83,"SSA"
"KIR","Kiribati",2010,141.906,0.147,0.102652,0.02,"EAP"
"XKX","Kosovo",2010,221.1774,0.022,1.77568,0.04,"ECA"
"KGZ","Kyrgyz Republic",2010,161.642,0.041,5.4479,0.22,"ECA"
"LAO","Lao People's Democratic Republic",2010,108.6246,0.24,6.246274,1.5,"EAP"
"LVA","Latvia",2010,516.5989,0.017,2.097555,0.04,"ECA"
"LBN","Lebanon",2010,765.3404,0,4.337141,0,"MNA"
"LSO","Lesotho",2010,75.69564,0.597,2.040551,1.22,"SSA"
"LBR","Liberia",2010,62.50652,0.592,3.948125,2.34,"SSA"
"LTU","Lithuania",2010,511.6595,0.015,3.097282,0.05,"ECA"
"MKD","North Macedonia",2010,287.8306,0.104,2.070739,0.22,"ECA"
"MDG","Madagascar",2010,47.94079,0.785,21.15164,16.6,"SSA"
"MWI","Malawi",2010,56.06908,0.717,15.167095,10.87,"SSA"
"MYS","Malaysia",2010,593.4358,0.002,28.112289,0.06,"EAP"
"MDV","Maldives",2010,202.7177,0.068,0.364511,0.02,"SAS"
"MLI","Mali",2010,72.77597,0.496,15.075085,7.48,"SSA"
"MRT","Mauritania",2010,157.4339,0.102,3.609543,0.37,"SSA"
"MUS","Mauritius",2010,364.5854,0.005,1.2504,0.01,"SSA"
"MEX","Mexico",2010,311.7893,0.042,117.318941,4.93,"LAC"
"FSM","Micronesia, Federated States of",2010,184.0634,0.12,0.103616,0.01,"EAP"
"MDA","Moldova",2010,272.6101,0.005,3.562045,0.02,"ECA"
"MNG","Mongolia",2010,242.525,0.008,2.71265,0.02,"EAP"
"MNE","Montenegro",2010,447.2794,0,0.619428,0,"ECA"
"MAR","Morocco",2010,274.4653,0.018,32.409639,0.58,"MNA"
"MOZ","Mozambique",2010,63.36914,0.675,24.221405,16.35,"SSA"
"MMR","Myanmar",2010,126.8567,0.168,50.155896,8.43,"EAP"
"NAM","Namibia",2010,247.4124,0.208,2.17317,0.45,"SSA"
"NPL","Nepal",2010,118.9294,0.154,27.023137,4.16,"SAS"
"NIC","Nicaragua",2010,252.9408,0.065,5.737723,0.37,"LAC"
"NER","Niger",2010,68.43403,0.551,16.425578,9.05,"SSA"
"NGA","Nigeria",2010,76.49757,0.53,158.578261,84.05,"SSA"
"PAK","Pakistan",2010,119.3856,0.095,170.560182,16.2,"SAS"
"PAN","Panama",2010,561.2973,0.045,3.643222,0.16,"LAC"
"PNG","Papua New Guinea",2010,99.19914,0.373,7.108239,2.65,"EAP"
"PRY","Paraguay",2010,414.8511,0.055,6.209877,0.34,"LAC"
"PER","Peru",2010,352.3023,0.055,29.373646,1.62,"LAC"
"PHL","Philippines",2010,171.451,0.12,93.726624,11.25,"EAP"
"POL","Poland",2010,507.29,0,38.042794,0,"ECA"
"ROU","Romania",2010,265.2686,0,20.246871,0,"ECA"
"RUS","Russian Federation",2010,677.3176,0.001,142.849449,0.14,"ECA"
"RWA","Rwanda",2010,73.2736,0.633,10.246842,6.49,"SSA"
"WSM","Samoa",2010,282.0328,0.011,0.186205,0,"EAP"
"STP","Sao Tome and Principe",2010,86.9508,0.323,0.174776,0.06,"SSA"
"SEN","Senegal",2010,97.03838,0.372,12.916229,4.8,"SSA"
"SRB","Serbia",2010,346.7414,0.002,7.291436,0.01,"ECA"
"SYC","Seychelles",2010,604.7557,0.012,0.08977,0,"SSA"
"SLE","Sierra Leone",2010,70.16179,0.539,6.45872,3.48,"SSA"
"SVK","Slovak Republic",2010,697.9344,0.005,5.391428,0.03,"ECA"
"SVN","Slovenia",2010,1055.501,0,2.048583,0,"ECA"
"SLB","Solomon Islands",2010,101.6051,0.342,0.52779,0.18,"EAP"
"ZAF","South Africa",2010,358.5218,0.165,51.584663,8.51,"SSA"
"SSD","South Sudan",2010,99.61726,0.424,10.067192,4.27,"SSA"
"LKA","Sri Lanka",2010,209.3803,0.023,20.198353,0.46,"SAS"
"LCA","St. Lucia",2010,452.6863,0.055,0.17258,0.01,"LAC"
"SDN","Sudan",2010,140.0535,0.145,34.385963,4.99,"SSA"
"SUR","Suriname",2010,319.7701,0.188,0.526103,0.1,"LAC"
"SYR","Syrian Arab Republic",2010,266.2304,0.005,21.018834,0.11,"MNA"
"TJK","Tajikistan",2010,168.3741,0.047,7.64163,0.36,"ECA"
"TZA","Tanzania",2010,73.28193,0.544,46.098591,25.08,"SSA"
"THA","Thailand",2010,404.0995,0.001,67.208808,0.07,"EAP"
"TLS","Timor-Leste",2010,77.31854,0.386,1.109591,0.43,"EAP"
"TGO","Togo",2010,78.56568,0.547,6.502952,3.56,"SSA"
"TON","Tonga",2010,300.1118,0.011,0.104137,0,"EAP"
"TTO","Trinidad and Tobago",2010,774.1751,0.002,1.3281,0,"LAC"
"TUN","Tunisia",2010,283.7157,0.021,10.639931,0.22,"MNA"
"TUR","Turkey",2010,437.4957,0.008,72.326914,0.58,"ECA"
"TKM","Turkmenistan",2010,172.1708,0.127,5.08721,0.65,"ECA"
"TUV","Tuvalu",2010,233.5755,0.033,0.010531,0,"EAP"
"UGA","Uganda",2010,94.9984,0.431,33.915133,14.62,"SSA"
"UKR","Ukraine",2010,348.4816,0,45.8707,0,"ECA"
"URY","Uruguay",2010,678.1831,0.001,3.374415,0,"LAC"
"UZB","Uzbekistan",2010,96.75191,0.293,28.5624,8.37,"ECA"
"VUT","Vanuatu",2010,148.8202,0.131,0.236295,0.03,"EAP"
"VEN","Venezuela, Republica Bolivariana de",2010,349.7098,0.093,29.028033,2.7,"LAC"
"VNM","Vietnam",2010,231.5454,0.042,88.472512,3.72,"EAP"
"PSE","West Bank and Gaza",2010,330.2699,0.002,3.811102,0.01,"MNA"
"YEM","Yemen, Republic of",2010,149.9665,0.097,23.606779,2.29,"MNA"
"ZMB","Zambia",2010,78.63681,0.644,13.850033,8.92,"SSA"
"ZWE","Zimbabwe",2010,131.8092,0.264,14.086317,3.72,"SSA"
"ALB","Albania",2011,231.2863,0.009,2.905195,0.03,"ECA"
"DZA","Algeria",2011,246.8967,0.005,36.819558,0.18,"MNA"
"AGO","Angola",2011,120.3387,0.302,24.218565,7.31,"SSA"
"ARG","Argentina",2011,717.1944,0.009,37.903594,0.34,"LAC"
"ARM","Armenia",2011,174.3994,0.022,2.875581,0.06,"ECA"
"AZE","Azerbaijan",2011,554.6486,0,9.173082,0,"ECA"
"BGD","Bangladesh",2011,109.3575,0.185,153.911916,28.47,"SAS"
"BLR","Belarus",2011,497.0645,0,9.473172,0,"ECA"
"BLZ","Belize",2011,285.4297,0.126,0.329192,0.04,"LAC"
"BEN","Benin",2011,81.98272,0.531,9.460802,5.02,"SSA"
"BTN","Bhutan",2011,242.6686,0.029,0.74051,0.02,"SAS"
"BOL","Bolivia",2011,382.0622,0.073,10.078343,0.74,"LAC"
"BIH","Bosnia and Herzegovina",2011,585.7679,0.001,3.688865,0,"ECA"
"BWA","Botswana",2011,287.9315,0.169,2.051339,0.35,"SSA"
"BRA","Brazil",2011,537.0917,0.047,198.686688,9.34,"LAC"
"BGR","Bulgaria",2011,455.1591,0.022,7.348328,0.16,"ECA"
"BFA","Burkina Faso",2011,77.34441,0.512,16.081904,8.23,"SSA"
"BDI","Burundi",2011,51.20917,0.746,9.043508,6.75,"SSA"
"CPV","Cabo Verde",2011,254.1766,0.069,0.508067,0.04,"SSA"
"CMR","Cameroon",2011,132.1533,0.294,20.520447,6.03,"SSA"
"CAF","Central African Republic",2011,77.47881,0.64,4.476153,2.86,"SSA"
"TCD","Chad",2011,98.13826,0.384,12.288651,4.72,"SSA"
"CHL","Chile",2011,513.46,0.016,17.153357,0.27,"LAC"
"CHN","China",2011,234.362,0.079,1344.13,106.19,"EAP"
"COL","Colombia",2011,403.166,0.063,46.406646,2.92,"LAC"
"COM","Comoros",2011,197.0931,0.165,0.706569,0.12,"SSA"
"COD","Congo, Democratic Republic of",2011,39.4666,0.822,66.713597,54.84,"SSA"
"COG","Congo, Republic of",2011,117.4145,0.37,4.51273,1.67,"SSA"
"CRI","Costa Rica",2011,651.6163,0.016,4.600474,0.07,"LAC"
"CIV","Cote d'Ivoire",2011,102.6119,0.363,20.895311,7.58,"SSA"
"HRV","Croatia",2011,552.061,0.007,4.280622,0.03,"ECA"
"CZE","Czech Republic",2011,813.9489,0,10.496088,0,"ECA"
"DJI","Djibouti",2011,160.9472,0.186,0.865937,0.16,"MNA"
"DOM","Dominican Republic",2011,383.1367,0.029,10.027095,0.29,"LAC"
"ECU","Ecuador",2011,373.0158,0.047,15.177355,0.71,"LAC"
"EGY","Egypt, Arab Republic of",2011,166.3497,0.016,85.897561,1.37,"MNA"
"SLV","El Salvador",2011,269.3614,0.045,6.19256,0.28,"LAC"
"EST","Estonia",2011,665.7365,0.01,1.327439,0.01,"ECA"
"SWZ","Eswatini",2011,119.3292,0.412,1.225258,0.5,"SSA"
"ETH","Ethiopia",2011,88.26077,0.332,90.046756,29.9,"SSA"
"FJI","Fiji",2011,225.9145,0.025,0.867086,0.02,"EAP"
"GAB","Gabon",2011,241.9703,0.063,1.697101,0.11,"SSA"
"GMB","Gambia, The",2011,125.8451,0.254,1.746363,0.44,"SSA"
"GEO","Georgia",2011,183.9759,0.113,3.875,0.44,"ECA"
"GHA","Ghana",2011,172.1208,0.15,25.121796,3.77,"SSA"
"GTM","Guatemala",2011,287.5948,0.098,14.948919,1.46,"LAC"
"GIN","Guinea",2011,77.36383,0.456,11.03517,5.03,"SSA"
"GNB","Guinea-Bissau",2011,72.88949,0.646,1.596154,1.03,"SSA"
"GUY","Guyana",2011,277.732,0.085,0.7491,0.06,"LAC"
"HTI","Haiti",2011,102.1022,0.549,10.145054,5.57,"LAC"
"HND","Honduras",2011,277.8412,0.171,8.3516,1.43,"LAC"
"HUN","Hungary",2011,602.3985,0,9.971727,0,"ECA"
"IND","India",2011,109.9763,0.22,1247.236029,274.39,"SAS"
"IDN","Indonesia",2011,147.7691,0.133,245.707511,32.68,"EAP"
"IRN","Iran, Islamic Republic of",2011,551.364,0.005,75.491582,0.38,"MNA"
"IRQ","Iraq",2011,174.359,0.025,31.727053,0.79,"MNA"
"JAM","Jamaica",2011,353.8734,0.018,2.829493,0.05,"LAC"
"JOR","Jordan",2011,326.5998,0.001,7.574943,0.01,"MNA"
"KAZ","Kazakhstan",2011,344.6365,0,16.557201,0,"ECA"
"KEN","Kenya",2011,99.13348,0.4,42.486839,16.99,"SSA"
"KIR","Kiribati",2011,141.4082,0.147,0.104656,0.02,"EAP"
"XKX","Kosovo",2011,213.2635,0.014,1.791,0.03,"ECA"
"KGZ","Kyrgyz Republic",2011,161.1784,0.018,5.5146,0.1,"ECA"
"LAO","Lao People's Democratic Republic",2011,109.1101,0.242,6.333487,1.53,"EAP"
"LVA","Latvia",2011,527.7834,0.01,2.059709,0.02,"ECA"
"LBN","Lebanon",2011,714.5316,0,4.588368,0,"MNA"
"LSO","Lesotho",2011,79.9939,0.579,2.064166,1.2,"SSA"
"LBR","Liberia",2011,69.05681,0.522,4.070167,2.12,"SSA"
"LTU","Lithuania",2011,559.4842,0.007,3.028115,0.02,"ECA"
"MKD","North Macedonia",2011,297.5433,0.088,2.072383,0.18,"ECA"
"MDG","Madagascar",2011,47.06867,0.783,21.743949,17.03,"SSA"
"MWI","Malawi",2011,57.67277,0.712,15.627618,11.13,"SSA"
"MYS","Malaysia",2011,661.9288,0.001,28.635128,0.03,"EAP"
"MDV","Maldives",2011,213.8533,0.05,0.375131,0.02,"SAS"
"MLI","Mali",2011,72.88164,0.495,15.540989,7.69,"SSA"
"MRT","Mauritania",2011,160.3061,0.092,3.717672,0.34,"SSA"
"MUS","Mauritius",2011,373.1023,0.005,1.252404,0.01,"SSA"
"MEX","Mexico",2011,315.2008,0.038,119.090017,4.53,"LAC"
"FSM","Micronesia, Federated States of",2011,181.9016,0.123,0.103468,0.01,"EAP"
"MDA","Moldova",2011,279.6441,0.003,3.559986,0.01,"ECA"
"MNG","Mongolia",2011,266.9621,0.006,2.761516,0.02,"EAP"
"MNE","Montenegro",2011,440.4037,0.002,0.620079,0,"ECA"
"MAR","Morocco",2011,287.5197,0.014,32.858823,0.46,"MNA"
"MOZ","Mozambique",2011,67.13286,0.659,24.939005,16.43,"SSA"
"MMR","Myanmar",2011,132.8976,0.146,50.553031,7.38,"EAP"
"NAM","Namibia",2011,264.2887,0.186,2.215621,0.41,"SSA"
"NPL","Nepal",2011,118.468,0.154,27.327147,4.21,"SAS"
"NIC","Nicaragua",2011,263.2071,0.057,5.80782,0.33,"LAC"
"NER","Niger",2011,71.48105,0.503,17.064636,8.58,"SSA"
"NGA","Nigeria",2011,78.43183,0.518,162.877076,84.37,"SSA"
"PAK","Pakistan",2011,123.9861,0.081,174.184265,14.11,"SAS"
"PAN","Panama",2011,621.2906,0.03,3.707782,0.11,"LAC"
"PNG","Papua New Guinea",2011,98.07472,0.374,7.269348,2.72,"EAP"
"PRY","Paraguay",2011,456.9694,0.05,6.293783,0.31,"LAC"
"PER","Peru",2011,364.1633,0.052,29.759989,1.55,"LAC"
"PHL","Philippines",2011,171.2512,0.124,95.27794,11.81,"EAP"
"POL","Poland",2011,499.9987,0,38.063255,0,"ECA"
"ROU","Romania",2011,259.7846,0,20.147528,0,"ECA"
"RUS","Russian Federation",2011,703.7954,0,142.960868,0,"ECA"
"RWA","Rwanda",2011,74.34819,0.62,10.516071,6.52,"SSA"
"WSM","Samoa",2011,296.4935,0.009,0.187665,0,"EAP"
"STP","Sao Tome and Principe",2011,88.73212,0.315,0.1788,0.06,"SSA"
"SEN","Senegal",2011,95.62092,0.381,13.30091,5.07,"SSA"
"SRB","Serbia",2011,351.6206,0.002,7.234099,0.01,"ECA"
"SYC","Seychelles",2011,669.8326,0.012,0.087441,0,"SSA"
"SLE","Sierra Leone",2011,70.97634,0.522,6.611692,3.45,"SSA"
"SVK","Slovak Republic",2011,724.331,0.005,5.398384,0.03,"ECA"
"SVN","Slovenia",2011,1046.488,0,2.052843,0,"ECA"
"SLB","Solomon Islands",2011,108.788,0.292,0.539614,0.16,"EAP"
"ZAF","South Africa",2011,358.261,0.167,52.263516,8.73,"SSA"
"SSD","South Sudan",2011,91.52484,0.454,10.448857,4.74,"SSA"
"LKA","Sri Lanka",2011,221.0914,0.02,20.315017,0.41,"SAS"
"LCA","St. Lucia",2011,523.4666,0.045,0.173832,0.01,"LAC"
"SDN","Sudan",2011,151.103,0.118,35.167314,4.15,"SSA"
"SUR","Suriname",2011,334.9886,0.178,0.531589,0.09,"LAC"
"SYR","Syrian Arab Republic",2011,250.5228,0.007,20.863993,0.15,"MNA"
"TJK","Tajikistan",2011,173.1771,0.047,7.815949,0.37,"ECA"
"TZA","Tanzania",2011,77.26293,0.506,47.570902,24.07,"SSA"
"THA","Thailand",2011,410.1633,0,67.53013,0,"EAP"
"TLS","Timor-Leste",2011,75.19516,0.413,1.131523,0.47,"EAP"
"TGO","Togo",2011,79.86813,0.542,6.679282,3.62,"SSA"
"TON","Tonga",2011,303.7185,0.01,0.104577,0,"EAP"
"TTO","Trinidad and Tobago",2011,768.0287,0.002,1.334788,0,"LAC"
"TUN","Tunisia",2011,286.6485,0.019,10.761467,0.2,"MNA"
"TUR","Turkey",2011,478.5868,0.003,73.409455,0.22,"ECA"
"TKM","Turkmenistan",2011,194.165,0.09,5.174061,0.47,"ECA"
"TUV","Tuvalu",2011,248.8386,0.027,0.010628,0,"EAP"
"UGA","Uganda",2011,100.5681,0.381,35.093648,13.37,"SSA"
"UKR","Ukraine",2011,362.068,0,45.7061,0,"ECA"
"URY","Uruguay",2011,728.2841,0.001,3.385624,0,"LAC"
"UZB","Uzbekistan",2011,102.0074,0.259,29.3394,7.6,"ECA"
"VUT","Vanuatu",2011,149.7498,0.129,0.241871,0.03,"EAP"
"VEN","Venezuela, Republica Bolivariana de",2011,358.4076,0.092,29.463291,2.71,"LAC"
"VNM","Vietnam",2011,234.4292,0.035,89.436644,3.13,"EAP"
"PSE","West Bank and Gaza",2011,329.619,0.002,3.927051,0.01,"MNA"
"YEM","Yemen, Republic of",2011,125.2202,0.173,24.252206,4.2,"MNA"
"ZMB","Zambia",2011,81.51068,0.626,14.264756,8.93,"SSA"
"ZWE","Zimbabwe",2011,147.3759,0.214,14.386649,3.08,"SSA"
"ALB","Albania",2012,225.2692,0.011,2.900401,0.03,"ECA"
"DZA","Algeria",2012,252.9911,0.004,37.565847,0.15,"MNA"
"AGO","Angola",2012,126.0506,0.282,25.09615,7.08,"SSA"
"ARG","Argentina",2012,711.0106,0.008,38.35897,0.31,"LAC"
"ARM","Armenia",2012,180.6668,0.016,2.881922,0.05,"ECA"
"AZE","Azerbaijan",2012,559.3686,0,9.295784,0,"ECA"
"BGD","Bangladesh",2012,110.6998,0.179,155.727053,27.88,"SAS"
"BLR","Belarus",2012,556.6465,0,9.464495,0,"ECA"
"BLZ","Belize",2012,284.2235,0.126,0.336701,0.04,"LAC"
"BEN","Benin",2012,82.45341,0.525,9.72916,5.11,"SSA"
"BTN","Bhutan",2012,245.7721,0.022,0.752967,0.02,"SAS"
"BOL","Bolivia",2012,391.0201,0.082,10.239004,0.84,"LAC"
"BIH","Bosnia and Herzegovina",2012,588.5128,0.001,3.6482,0,"ECA"
"BWA","Botswana",2012,278.0176,0.167,2.089315,0.35,"SSA"
"BRA","Brazil",2012,581.2381,0.038,200.560983,7.62,"LAC"
"BGR","Bulgaria",2012,478.4946,0.02,7.305888,0.15,"ECA"
"BFA","Burkina Faso",2012,80.23302,0.481,16.571216,7.97,"SSA"
"BDI","Burundi",2012,52.30994,0.737,9.31971,6.87,"SSA"
"CPV","Cabo Verde",2012,253.9713,0.07,0.513979,0.04,"SSA"
"CMR","Cameroon",2012,138.9246,0.282,21.082383,5.95,"SSA"
"CAF","Central African Republic",2012,80.40914,0.625,4.490416,2.81,"SSA"
"TCD","Chad",2012,103.3527,0.359,12.705135,4.56,"SSA"
"CHL","Chile",2012,572.574,0.012,17.309746,0.21,"LAC"
"CHN","China",2012,256.0237,0.065,1350.695,87.8,"EAP"
"COL","Colombia",2012,408.7687,0.062,46.881475,2.91,"LAC"
"COM","Comoros",2012,189.8492,0.172,0.723868,0.12,"SSA"
"COD","Congo, Democratic Republic of",2012,43.92373,0.787,68.978682,54.29,"SSA"
"COG","Congo, Republic of",2012,118.7031,0.366,4.633363,1.7,"SSA"
"CRI","Costa Rica",2012,673.8453,0.016,4.654122,0.07,"LAC"
"CIV","Cote d'Ivoire",2012,107.5767,0.339,21.418603,7.26,"SSA"
"HRV","Croatia",2012,524.7227,0.007,4.267558,0.03,"ECA"
"CZE","Czech Republic",2012,800.2376,0,10.510785,0,"ECA"
"DJI","Djibouti",2012,164.8706,0.183,0.881185,0.16,"MNA"
"DOM","Dominican Republic",2012,366.3321,0.026,10.15495,0.26,"LAC"
"ECU","Ecuador",2012,397.4407,0.045,15.419666,0.69,"LAC"
"EGY","Egypt, Arab Republic of",2012,168.7382,0.013,87.813257,1.14,"MNA"
"SLV","El Salvador",2012,278.738,0.041,6.221246,0.26,"LAC"
"EST","Estonia",2012,704.0577,0.007,1.322696,0.01,"ECA"
"SWZ","Eswatini",2012,122.6664,0.401,1.248158,0.5,"SSA"
"ETH","Ethiopia",2012,89.3173,0.328,92.444183,30.32,"SSA"
"FJI","Fiji",2012,222.2147,0.022,0.873596,0.02,"EAP"
"GAB","Gabon",2012,253.3555,0.057,1.756817,0.1,"SSA"
"GMB","Gambia, The",2012,133.9148,0.209,1.802125,0.38,"SSA"
"GEO","Georgia",2012,197.5214,0.086,3.825,0.33,"ECA"
"GHA","Ghana",2012,183.1219,0.131,25.733049,3.37,"SSA"
"GTM","Guatemala",2012,277.4174,0.097,15.271056,1.48,"LAC"
"GIN","Guinea",2012,87.29966,0.353,11.281469,3.98,"SSA"
"GNB","Guinea-Bissau",2012,69.80498,0.667,1.638139,1.09,"SSA"
"GUY","Guyana",2012,290.8365,0.079,0.753091,0.06,"LAC"
"HTI","Haiti",2012,127.1753,0.25,10.28921,2.57,"LAC"
"HND","Honduras",2012,248.1102,0.196,8.505646,1.67,"LAC"
"HUN","Hungary",2012,570.1321,0.002,9.920362,0.02,"ECA"
"IND","India",2012,113.4204,0.203,1263.065852,256.4,"SAS"
"IDN","Indonesia",2012,151.8661,0.116,248.883232,28.87,"EAP"
"IRN","Iran, Islamic Republic of",2012,526.6719,0.003,76.453574,0.23,"MNA"
"IRQ","Iraq",2012,178.8106,0.025,32.776571,0.82,"MNA"
"JAM","Jamaica",2012,350.2739,0.02,2.840992,0.06,"LAC"
"JOR","Jordan",2012,325.9044,0.001,7.992573,0.01,"MNA"
"KAZ","Kazakhstan",2012,350.3864,0,16.792089,0,"ECA"
"KEN","Kenya",2012,99.29865,0.394,43.646629,17.2,"SSA"
"KIR","Kiribati",2012,145.3551,0.141,0.106613,0.02,"EAP"
"XKX","Kosovo",2012,255.198,0.005,1.8052,0.01,"ECA"
"KGZ","Kyrgyz Republic",2012,155.6366,0.029,5.6072,0.16,"ECA"
"LAO","Lao People's Democratic Republic",2012,112.8371,0.227,6.415169,1.46,"EAP"
"LVA","Latvia",2012,542.166,0.01,2.034319,0.02,"ECA"
"LBN","Lebanon",2012,702.391,0,4.916404,0,"MNA"
"LSO","Lesotho",2012,83.74678,0.56,2.089928,1.17,"SSA"
"LBR","Liberia",2012,76.1562,0.439,4.181563,1.84,"SSA"
"LTU","Lithuania",2012,602.427,0.01,2.987773,0.03,"ECA"
"MKD","North Macedonia",2012,299.2531,0.068,2.074036,0.14,"ECA"
"MDG","Madagascar",2012,46.94087,0.776,22.346573,17.34,"SSA"
"MWI","Malawi",2012,56.40301,0.726,16.097305,11.69,"SSA"
"MYS","Malaysia",2012,711.0215,0.001,29.170456,0.03,"EAP"
"MDV","Maldives",2012,212.9516,0.051,0.386203,0.02,"SAS"
"MLI","Mali",2012,70.16961,0.516,16.00667,8.26,"SSA"
"MRT","Mauritania",2012,164.2774,0.08,3.830239,0.31,"SSA"
"MUS","Mauritius",2012,380.3651,0.005,1.255882,0.01,"SSA"
"MEX","Mexico",2012,316.8525,0.034,120.828307,4.11,"LAC"
"FSM","Micronesia, Federated States of",2012,169.8017,0.133,0.103503,0.01,"EAP"
"MDA","Moldova",2012,273.1394,0.003,3.559519,0.01,"ECA"
"MNG","Mongolia",2012,307.1026,0.004,2.814226,0.01,"EAP"
"MNE","Montenegro",2012,413.1282,0.013,0.620601,0.01,"ECA"
"MAR","Morocco",2012,296.4507,0.012,33.333789,0.4,"MNA"
"MOZ","Mozambique",2012,71.12935,0.645,25.676606,16.56,"SSA"
"MMR","Myanmar",2012,141.4298,0.121,50.986514,6.17,"EAP"
"NAM","Namibia",2012,280.2253,0.172,2.263934,0.39,"SSA"
"NPL","Nepal",2012,135.6894,0.093,27.649925,2.57,"SAS"
"NIC","Nicaragua",2012,284.6904,0.05,5.877108,0.29,"LAC"
"NER","Niger",2012,75.78359,0.464,17.731634,8.23,"SSA"
"NGA","Nigeria",2012,79.58961,0.51,167.297284,85.32,"SSA"
"PAK","Pakistan",2012,129.9782,0.069,177.911533,12.28,"SAS"
"PAN","Panama",2012,628.8171,0.041,3.772938,0.15,"LAC"
"PNG","Papua New Guinea",2012,100.4032,0.367,7.430836,2.73,"EAP"
"PRY","Paraguay",2012,453.8099,0.033,6.379219,0.21,"LAC"
"PER","Peru",2012,384.1914,0.047,30.158966,1.42,"LAC"
"PHL","Philippines",2012,172.4351,0.12,96.866642,11.62,"EAP"
"POL","Poland",2012,496.9833,0,38.063164,0,"ECA"
"ROU","Romania",2012,264.8552,0,20.058035,0,"ECA"
"RUS","Russian Federation",2012,740.5343,0,143.201676,0,"ECA"
"RWA","Rwanda",2012,76.60109,0.597,10.788853,6.44,"SSA"
"WSM","Samoa",2012,294.8996,0.009,0.189194,0,"EAP"
"STP","Sao Tome and Principe",2012,89.47387,0.308,0.182889,0.06,"SSA"
"SEN","Senegal",2012,97.35222,0.375,13.703513,5.14,"SSA"
"SRB","Serbia",2012,366.7468,0.055,7.199077,0.4,"ECA"
"SYC","Seychelles",2012,671.6568,0.012,0.088303,0,"SSA"
"SLE","Sierra Leone",2012,79.88612,0.441,6.766103,2.98,"SSA"
"SVK","Slovak Republic",2012,664.6576,0.002,5.407579,0.01,"ECA"
"SVN","Slovenia",2012,1003.294,0,2.057159,0,"ECA"
"SLB","Solomon Islands",2012,110.4923,0.27,0.551531,0.15,"EAP"
"ZAF","South Africa",2012,353.8312,0.172,52.998213,9.12,"SSA"
"SSD","South Sudan",2012,47.6632,0.731,10.818258,7.91,"SSA"
"LKA","Sri Lanka",2012,223.4407,0.02,20.425,0.41,"SAS"
"LCA","St. Lucia",2012,491.9782,0.055,0.174835,0.01,"LAC"
"SDN","Sudan",2012,170.4671,0.086,35.990192,3.1,"SSA"
"SUR","Suriname",2012,340.4858,0.178,0.537077,0.1,"LAC"
"SYR","Syrian Arab Republic",2012,197.1614,0.029,20.420701,0.59,"MNA"
"TJK","Tajikistan",2012,178.294,0.046,7.995062,0.37,"ECA"
"TZA","Tanzania",2012,78.94048,0.488,49.082997,23.95,"SSA"
"THA","Thailand",2012,442.1721,0.001,67.843979,0.07,"EAP"
"TLS","Timor-Leste",2012,77.07226,0.391,1.15676,0.45,"EAP"
"TGO","Togo",2012,80.57488,0.53,6.859482,3.64,"SSA"
"TON","Tonga",2012,304.5513,0.01,0.104951,0,"EAP"
"TTO","Trinidad and Tobago",2012,774.0236,0.002,1.341588,0,"LAC"
"TUN","Tunisia",2012,297.9695,0.014,10.886668,0.15,"MNA"
"TUR","Turkey",2012,497.061,0.003,74.569867,0.22,"ECA"
"TKM","Turkmenistan",2012,211.8771,0.067,5.267839,0.35,"ECA"
"TUV","Tuvalu",2012,237.1301,0.027,0.010725,0,"EAP"
"UGA","Uganda",2012,100.9469,0.365,36.306796,13.25,"SSA"
"UKR","Ukraine",2012,377.1251,0,45.5933,0,"ECA"
"URY","Uruguay",2012,727.0804,0.001,3.396777,0,"LAC"
"UZB","Uzbekistan",2012,108.7591,0.22,29.7745,6.55,"ECA"
"VUT","Vanuatu",2012,150.8031,0.126,0.247485,0.03,"EAP"
"VEN","Venezuela, Republica Bolivariana de",2012,378.0665,0.089,29.89308,2.66,"LAC"
"VNM","Vietnam",2012,238.1247,0.028,90.451881,2.53,"EAP"
"PSE","West Bank and Gaza",2012,380.4195,0.003,4.046901,0.01,"MNA"
"YEM","Yemen, Republic of",2012,124.6265,0.179,24.909969,4.46,"MNA"
"ZMB","Zambia",2012,86.71871,0.599,14.699937,8.81,"SSA"
"ZWE","Zimbabwe",2012,168.1478,0.162,14.710826,2.38,"SSA"
"ALB","Albania",2013,234.2123,0.01,2.895092,0.03,"ECA"
"DZA","Algeria",2013,258.3454,0.004,38.338562,0.15,"MNA"
"AGO","Angola",2013,127.705,0.273,25.99834,7.1,"SSA"
"ARG","Argentina",2013,713.7309,0.007,38.817256,0.27,"LAC"
"ARM","Armenia",2013,187.4612,0.022,2.893509,0.06,"ECA"
"AZE","Azerbaijan",2013,649.448,0,9.416801,0,"ECA"
"BGD","Bangladesh",2013,112.5555,0.168,157.571292,26.47,"SAS"
"BLR","Belarus",2013,620.5624,0,9.465997,0,"ECA"
"BLZ","Belize",2013,290.2091,0.125,0.344181,0.04,"LAC"
"BEN","Benin",2013,82.5448,0.515,10.004451,5.15,"SSA"
"BTN","Bhutan",2013,359.711,0.005,0.764961,0,"SAS"
"BOL","Bolivia",2013,431.0201,0.069,10.400264,0.72,"LAC"
"BIH","Bosnia and Herzegovina",2013,595.8712,0.001,3.604999,0,"ECA"
"BWA","Botswana",2013,284.9709,0.145,2.128507,0.31,"SSA"
"BRA","Brazil",2013,612.1071,0.038,202.408632,7.69,"LAC"
"BGR","Bulgaria",2013,534.3142,0.017,7.265115,0.12,"ECA"
"BFA","Burkina Faso",2013,82.65416,0.454,17.072723,7.75,"SSA"
"BDI","Burundi",2013,53.84455,0.722,9.600186,6.93,"SSA"
"CPV","Cabo Verde",2013,252.9943,0.071,0.520106,0.04,"SSA"
"CMR","Cameroon",2013,149.1761,0.261,21.655715,5.65,"SSA"
"CAF","Central African Republic",2013,50.79454,0.793,4.499653,3.57,"SSA"
"TCD","Chad",2013,105.6799,0.349,13.133589,4.58,"SSA"
"CHL","Chile",2013,617.203,0.009,17.462982,0.16,"LAC"
"CHN","China",2013,287.9925,0.019,1357.38,25.79,"EAP"
"COL","Colombia",2013,429.7162,0.057,47.342981,2.7,"LAC"
"COM","Comoros",2013,184.809,0.175,0.7415,0.13,"SSA"
"COD","Congo, Democratic Republic of",2013,47.81865,0.755,71.316033,53.84,"SSA"
"COG","Congo, Republic of",2013,119.7372,0.364,4.751393,1.73,"SSA"
"CRI","Costa Rica",2013,693.7772,0.016,4.706401,0.08,"LAC"
"CIV","Cote d'Ivoire",2013,110.7724,0.32,21.966312,7.03,"SSA"
"HRV","Croatia",2013,516.8615,0.007,4.255689,0.03,"ECA"
"CZE","Czech Republic",2013,805.5388,0,10.514272,0,"ECA"
"DJI","Djibouti",2013,147.2567,0.227,0.896688,0.2,"MNA"
"DOM","Dominican Republic",2013,386.9672,0.022,10.281296,0.23,"LAC"
"ECU","Ecuador",2013,411.272,0.032,15.661547,0.5,"LAC"
"EGY","Egypt, Arab Republic of",2013,171.1116,0.014,89.807433,1.26,"MNA"
"SLV","El Salvador",2013,307.4608,0.032,6.250777,0.2,"LAC"
"EST","Estonia",2013,766.8144,0.01,1.317997,0.01,"ECA"
"SWZ","Eswatini",2013,128.1508,0.383,1.271456,0.49,"SSA"
"ETH","Ethiopia",2013,90.80066,0.322,94.887724,30.55,"SSA"
"FJI","Fiji",2013,225.7276,0.015,0.879715,0.01,"EAP"
"GAB","Gabon",2013,266.2296,0.05,1.817271,0.09,"SSA"
"GMB","Gambia, The",2013,141.2259,0.17,1.859324,0.32,"SSA"
"GEO","Georgia",2013,216.8243,0.066,3.776,0.25,"ECA"
"GHA","Ghana",2013,191.1583,0.119,26.346251,3.14,"SSA"
"GTM","Guatemala",2013,268.5386,0.092,15.596214,1.43,"LAC"
"GIN","Guinea",2013,88.72801,0.342,11.536615,3.95,"SSA"
"GNB","Guinea-Bissau",2013,70.2193,0.663,1.681495,1.11,"SSA"
"GUY","Guyana",2013,303.3699,0.073,0.758081,0.06,"LAC"
"HTI","Haiti",2013,130.7483,0.238,10.431776,2.48,"LAC"
"HND","Honduras",2013,242.3152,0.173,8.657785,1.5,"LAC"
"HUN","Hungary",2013,589.9678,0.002,9.893082,0.02,"ECA"
"IND","India",2013,118.1421,0.178,1278.562207,227.58,"SAS"
"IDN","Indonesia",2013,160.6522,0.094,252.032263,23.69,"EAP"
"IRN","Iran, Islamic Republic of",2013,504.6633,0.001,77.435384,0.08,"MNA"
"IRQ","Iraq",2013,186.1167,0.02,33.883145,0.68,"MNA"
"JAM","Jamaica",2013,350.7036,0.02,2.851807,0.06,"LAC"
"JOR","Jordan",2013,321.0501,0.002,8.413464,0.02,"MNA"
"KAZ","Kazakhstan",2013,366.9362,0,17.03555,0,"ECA"
"KEN","Kenya",2013,99.58981,0.387,44.826849,17.35,"SSA"
"KIR","Kiribati",2013,148.799,0.14,0.108535,0.02,"EAP"
"XKX","Kosovo",2013,257.8767,0.003,1.8241,0.01,"ECA"
"KGZ","Kyrgyz Republic",2013,153.4131,0.033,5.7196,0.19,"ECA"
"LAO","Lao People's Democratic Republic",2013,116.1353,0.211,6.494557,1.37,"EAP"
"LVA","Latvia",2013,600.139,0.012,2.012647,0.02,"ECA"
"LBN","Lebanon",2013,654.0099,0,5.276102,0,"MNA"
"LSO","Lesotho",2013,84.18583,0.558,2.117361,1.18,"SSA"
"LBR","Liberia",2013,81.49605,0.4,4.286291,1.71,"SSA"
"LTU","Lithuania",2013,629.2616,0.007,2.957689,0.02,"ECA"
"MKD","North Macedonia",2013,299.3375,0.052,2.075739,0.11,"ECA"
"MDG","Madagascar",2013,46.71474,0.778,22.961146,17.86,"SSA"
"MWI","Malawi",2013,58.89279,0.714,16.577147,11.84,"SSA"
"MYS","Malaysia",2013,754.6585,0,29.706724,0,"EAP"
"MDV","Maldives",2013,222.0215,0.046,0.397397,0.02,"SAS"
"MLI","Mali",2013,69.73346,0.52,16.477818,8.57,"SSA"
"MRT","Mauritania",2013,169.8037,0.069,3.94617,0.27,"SSA"
"MUS","Mauritius",2013,392.2812,0.005,1.258653,0.01,"SSA"
"MEX","Mexico",2013,306.0496,0.037,122.535969,4.53,"LAC"
"FSM","Micronesia, Federated States of",2013,154.8563,0.154,0.103702,0.02,"EAP"
"MDA","Moldova",2013,292.2052,0.001,3.558566,0,"ECA"
"MNG","Mongolia",2013,316.7726,0.003,2.869107,0.01,"EAP"
"MNE","Montenegro",2013,420.0076,0.01,0.621207,0.01,"ECA"
"MAR","Morocco",2013,302.2177,0.011,33.824769,0.37,"MNA"
"MOZ","Mozambique",2013,75.24157,0.634,26.434372,16.76,"SSA"
"MMR","Myanmar",2013,151.9706,0.098,51.448196,5.04,"EAP"
"NAM","Namibia",2013,298.9218,0.156,2.31652,0.36,"SSA"
"NPL","Nepal",2013,137.6447,0.089,27.98531,2.49,"SAS"
"NIC","Nicaragua",2013,305.0978,0.044,5.945747,0.26,"LAC"
"NER","Niger",2013,76.57105,0.463,18.426372,8.53,"SSA"
"NGA","Nigeria",2013,82.66008,0.488,171.829303,83.85,"SSA"
"PAK","Pakistan",2013,129.9841,0.07,181.712595,12.72,"SAS"
"PAN","Panama",2013,651.3994,0.028,3.838462,0.11,"LAC"
"PNG","Papua New Guinea",2013,102.0239,0.359,7.592865,2.73,"EAP"
"PRY","Paraguay",2013,507.0585,0.018,6.46574,0.12,"LAC"
"PER","Peru",2013,387.817,0.043,30.565716,1.31,"LAC"
"PHL","Philippines",2013,175.4256,0.106,98.481032,10.44,"EAP"
"POL","Poland",2013,502.4777,0,38.040196,0,"ECA"
"ROU","Romania",2013,266.5711,0,19.983693,0,"ECA"
"RUS","Russian Federation",2013,756.4189,0,143.506911,0,"ECA"
"RWA","Rwanda",2013,77.4275,0.584,11.065151,6.46,"SSA"
"WSM","Samoa",2013,284.5982,0.011,0.190757,0,"EAP"
"STP","Sao Tome and Principe",2013,91.69809,0.292,0.187045,0.05,"SSA"
"SEN","Senegal",2013,97.14484,0.375,14.12032,5.3,"SSA"
"SRB","Serbia",2013,343.7099,0.003,7.164132,0.02,"ECA"
"SYC","Seychelles",2013,699.0471,0.011,0.089949,0,"SSA"
"SLE","Sierra Leone",2013,94.26215,0.319,6.922079,2.21,"SSA"
"SVK","Slovak Republic",2013,682.0195,0.002,5.413393,0.01,"ECA"
"SVN","Slovenia",2013,997.9192,0,2.059953,0,"ECA"
"SLB","Solomon Islands",2013,111.1204,0.251,0.563513,0.14,"EAP"
"ZAF","South Africa",2013,350.0797,0.176,53.767396,9.46,"SSA"
"SSD","South Sudan",2013,52.18828,0.695,11.17749,7.77,"SSA"
"LKA","Sri Lanka",2013,246.2845,0.013,20.585,0.27,"SAS"
"LCA","St. Lucia",2013,445.6349,0.065,0.17566,0.01,"LAC"
"SDN","Sudan",2013,173.8068,0.082,36.849918,3.02,"SSA"
"SUR","Suriname",2013,346.9448,0.178,0.54254,0.1,"LAC"
"SYR","Syrian Arab Republic",2013,162.8553,0.068,19.809141,1.35,"MNA"
"TJK","Tajikistan",2013,183.5879,0.046,8.177809,0.38,"ECA"
"TZA","Tanzania",2013,82.08043,0.459,50.636595,23.24,"SSA"
"THA","Thailand",2013,449.1965,0,68.143065,0,"EAP"
"TLS","Timor-Leste",2013,81.73305,0.343,1.184366,0.41,"EAP"
"TGO","Togo",2013,81.23048,0.519,7.042948,3.66,"SSA"
"TON","Tonga",2013,299.082,0.011,0.105328,0,"EAP"
"TTO","Trinidad and Tobago",2013,777.7546,0.002,1.348248,0,"LAC"
"TUN","Tunisia",2013,315.5734,0.009,11.014558,0.1,"MNA"
"TUR","Turkey",2013,517.268,0.003,75.787333,0.23,"ECA"
"TKM","Turkmenistan",2013,229.2055,0.049,5.366277,0.26,"ECA"
"TUV","Tuvalu",2013,245.8281,0.027,0.010819,0,"EAP"
"UGA","Uganda",2013,99.89134,0.37,37.553726,13.89,"SSA"
"UKR","Ukraine",2013,398.3518,0,45.4896,0,"ECA"
"URY","Uruguay",2013,758.0906,0.002,3.408005,0.01,"LAC"
"UZB","Uzbekistan",2013,115.6394,0.191,30.2432,5.78,"ECA"
"VUT","Vanuatu",2013,152.5391,0.121,0.253142,0.03,"EAP"
"VEN","Venezuela, Republica Bolivariana de",2013,390.3749,0.087,30.317848,2.64,"LAC"
"VNM","Vietnam",2013,244.2278,0.028,91.497725,2.56,"EAP"
"PSE","West Bank and Gaza",2013,328.054,0.005,4.169506,0.02,"MNA"
"YEM","Yemen, Republic of",2013,128.6113,0.166,25.576322,4.25,"MNA"
"ZMB","Zambia",2013,89.081,0.588,15.15321,8.91,"SSA"
"ZWE","Zimbabwe",2013,167.5781,0.164,15.054506,2.47,"SSA"
"ALB","Albania",2015,253.6938,0.007,2.880703,0.02,"ECA"
"DZA","Algeria",2015,267.6149,0.004,39.871528,0.16,"MNA"
"AGO","Angola",2015,126.1005,0.282,27.859305,7.86,"SSA"
"ARG","Argentina",2015,700.8802,0.007,39.728558,0.28,"LAC"
"ARM","Armenia",2015,206.1151,0.019,2.91695,0.06,"ECA"
"AZE","Azerbaijan",2015,653.584,0,9.649341,0,"ECA"
"BGD","Bangladesh",2015,116.3044,0.152,161.200886,24.5,"SAS"
"BLR","Belarus",2015,578.9112,0,9.489616,0,"ECA"
"BLZ","Belize",2015,294.4165,0.123,0.359288,0.04,"LAC"
"BEN","Benin",2015,82.60576,0.495,10.575952,5.24,"SSA"
"BTN","Bhutan",2015,322.2058,0.009,0.787386,0.01,"SAS"
"BOL","Bolivia",2015,417.8335,0.064,10.724705,0.69,"LAC"
"BIH","Bosnia and Herzegovina",2015,630.357,0.001,3.535961,0,"ECA"
"BWA","Botswana",2015,243.8453,0.162,2.209197,0.36,"SSA"
"BRA","Brazil",2015,585.5172,0.034,205.962108,7,"LAC"
"BGR","Bulgaria",2015,598.9102,0.012,7.177991,0.09,"ECA"
"BFA","Burkina Faso",2015,84.58309,0.428,18.110624,7.75,"SSA"
"BDI","Burundi",2015,50.93623,0.748,10.19927,7.63,"SSA"
"CPV","Cabo Verde",2015,250.9248,0.072,0.532913,0.04,"SSA"
"CMR","Cameroon",2015,166.3525,0.228,22.834522,5.21,"SSA"
"CAF","Central African Republic",2015,53.23672,0.777,4.5461,3.53,"SSA"
"TCD","Chad",2015,108.8404,0.339,14.009413,4.75,"SSA"
"CHL","Chile",2015,657.8528,0.013,17.762681,0.23,"LAC"
"CHN","China",2015,332.1162,0.007,1371.22,9.6,"EAP"
"COL","Colombia",2015,439.7655,0.045,48.228697,2.17,"LAC"
"COM","Comoros",2015,177.5862,0.181,0.777424,0.14,"SSA"
"COD","Congo, Democratic Republic of",2015,52.38278,0.717,76.196619,54.63,"SSA"
"COG","Congo, Republic of",2015,124.8222,0.349,4.995648,1.74,"SSA"
"CRI","Costa Rica",2015,697.262,0.015,4.807852,0.07,"LAC"
"CIV","Cote d'Ivoire",2015,116.9286,0.282,23.108472,6.52,"SSA"
"HRV","Croatia",2015,569.4345,0.007,4.203604,0.03,"ECA"
"CZE","Czech Republic",2015,858.3527,0,10.546059,0,"ECA"
"DJI","Djibouti",2015,152.8754,0.193,0.927414,0.18,"MNA"
"DOM","Dominican Republic",2015,440.4238,0.018,10.528394,0.19,"LAC"
"ECU","Ecuador",2015,418.812,0.034,16.144368,0.55,"LAC"
"EGY","Egypt, Arab Republic of",2015,183.1198,0.013,93.778172,1.22,"MNA"
"SLV","El Salvador",2015,308.7377,0.019,6.312478,0.12,"LAC"
"EST","Estonia",2015,885.8255,0.005,1.315407,0.01,"ECA"
"SWZ","Eswatini",2015,126.4084,0.39,1.319011,0.51,"SSA"
"ETH","Ethiopia",2015,94.03221,0.309,99.873033,30.86,"SSA"
"FJI","Fiji",2015,242.692,0.01,0.892149,0.01,"EAP"
"GAB","Gabon",2015,286.9013,0.04,1.930175,0.08,"SSA"
"GMB","Gambia, The",2015,149.5345,0.11,1.97759,0.22,"SSA"
"GEO","Georgia",2015,228.5271,0.038,3.7171,0.14,"ECA"
"GHA","Ghana",2015,191.7531,0.132,27.582821,3.64,"SSA"
"GTM","Guatemala",2015,269.4296,0.079,16.252429,1.28,"LAC"
"GIN","Guinea",2015,91.1439,0.328,12.091533,3.97,"SSA"
"GNB","Guinea-Bissau",2015,71.46174,0.653,1.770526,1.16,"SSA"
"GUY","Guyana",2015,320.591,0.066,0.768514,0.05,"LAC"
"HTI","Haiti",2015,132.5032,0.235,10.711061,2.52,"LAC"
"HND","Honduras",2015,233.3249,0.162,8.960829,1.45,"LAC"
"HUN","Hungary",2015,650.7206,0.005,9.843028,0.05,"ECA"
"IND","India",2015,127.858,0.134,1309.05398,175.41,"SAS"
"IDN","Indonesia",2015,174.3148,0.072,258.162113,18.59,"EAP"
"IRN","Iran, Islamic Republic of",2015,493.3376,0.003,79.360487,0.24,"MNA"
"IRQ","Iraq",2015,180.1906,0.024,36.115649,0.87,"MNA"
"JAM","Jamaica",2015,353.8149,0.018,2.871934,0.05,"LAC"
"JOR","Jordan",2015,311.5991,0.002,9.159302,0.02,"MNA"
"KAZ","Kazakhstan",2015,341.7368,0,17.542806,0,"ECA"
"KEN","Kenya",2015,100.1434,0.373,47.236259,17.62,"SSA"
"KIR","Kiribati",2015,157.5163,0.126,0.112407,0.01,"EAP"
"XKX","Kosovo",2015,268.2591,0.004,1.8018,0.01,"ECA"
"KGZ","Kyrgyz Republic",2015,157.6766,0.025,5.9569,0.15,"ECA"
"LAO","Lao People's Democratic Republic",2015,123.8053,0.177,6.663967,1.18,"EAP"
"LVA","Latvia",2015,706.8532,0.007,1.977527,0.01,"ECA"
"LBN","Lebanon",2015,658.3876,0,5.851479,0,"MNA"
"LSO","Lesotho",2015,86.86561,0.548,2.174645,1.19,"SSA"
"LBR","Liberia",2015,83.45537,0.394,4.499621,1.77,"SSA"
"LTU","Lithuania",2015,756.8987,0.007,2.90491,0.02,"ECA"
"MKD","North Macedonia",2015,332.6125,0.052,2.079308,0.11,"ECA"
"MDG","Madagascar",2015,47.15377,0.775,24.234088,18.78,"SSA"
"MWI","Malawi",2015,61.14793,0.702,17.573607,12.34,"SSA"
"MYS","Malaysia",2015,836.7086,0,30.723155,0,"EAP"
"MDV","Maldives",2015,232.8598,0.038,0.418403,0.02,"SAS"
"MLI","Mali",2015,74.61263,0.477,17.467905,8.33,"SSA"
"MRT","Mauritania",2015,172.0582,0.062,4.182341,0.26,"SSA"
"MUS","Mauritius",2015,420.1122,0.003,1.262605,0,"SSA"
"MEX","Mexico",2015,301.703,0.034,125.890949,4.28,"LAC"
"FSM","Micronesia, Federated States of",2015,157.8767,0.151,0.104433,0.02,"EAP"
"MDA","Moldova",2015,294.1554,0,3.554108,0,"ECA"
"MNG","Mongolia",2015,307.0279,0.003,2.976877,0.01,"EAP"
"MNE","Montenegro",2015,450.8366,0,0.622159,0,"ECA"
"MAR","Morocco",2015,310.262,0.009,34.803322,0.31,"MNA"
"MOZ","Mozambique",2015,83.15461,0.616,28.010691,17.25,"SSA"
"MMR","Myanmar",2015,172.3892,0.062,52.403669,3.25,"EAP"
"NAM","Namibia",2015,341.3586,0.134,2.425561,0.33,"SSA"
"NPL","Nepal",2015,144.0869,0.07,28.656282,2.01,"SAS"
"NIC","Nicaragua",2015,342.5725,0.029,6.082035,0.18,"LAC"
"NER","Niger",2015,79.02783,0.442,19.896965,8.79,"SSA"
"NGA","Nigeria",2015,85.55037,0.47,181.181744,85.16,"SSA"
"PAK","Pakistan",2015,141.9532,0.053,189.380513,10.04,"SAS"
"PAN","Panama",2015,714.8391,0.02,3.969249,0.08,"LAC"
"PNG","Papua New Guinea",2015,118.8784,0.292,7.919825,2.31,"EAP"
"PRY","Paraguay",2015,511.3956,0.019,6.639119,0.13,"LAC"
"PER","Peru",2015,393.6398,0.036,31.376671,1.13,"LAC"
"PHL","Philippines",2015,182.3406,0.078,101.716359,7.93,"EAP"
"POL","Poland",2015,519.5024,0,37.986412,0,"ECA"
"ROU","Romania",2015,314.4349,0.057,19.815481,1.13,"ECA"
"RUS","Russian Federation",2015,680.2088,0,144.09687,0,"ECA"
"RWA","Rwanda",2015,80.31723,0.552,11.629553,6.42,"SSA"
"WSM","Samoa",2015,288.0452,0.01,0.193759,0,"EAP"
"STP","Sao Tome and Principe",2015,97.02331,0.258,0.195553,0.05,"SSA"
"SEN","Senegal",2015,103.8625,0.339,14.976994,5.08,"SSA"
"SRB","Serbia",2015,387.6691,0.001,7.095383,0.01,"ECA"
"SYC","Seychelles",2015,738.132,0.009,0.093419,0,"SSA"
"SLE","Sierra Leone",2015,74.85025,0.485,7.237025,3.51,"SSA"
"SVK","Slovak Republic",2015,678.9104,0.007,5.423801,0.04,"ECA"
"SVN","Slovenia",2015,1026.318,0,2.063531,0,"ECA"
"SLB","Solomon Islands",2015,111.7557,0.248,0.587482,0.15,"EAP"
"ZAF","South Africa",2015,337.6509,0.189,55.291225,10.45,"SSA"
"SSD","South Sudan",2015,47.52712,0.733,11.882136,8.71,"SSA"
"LKA","Sri Lanka",2015,275.4532,0.007,20.966,0.15,"SAS"
"LCA","St. Lucia",2015,488.9345,0.063,0.177206,0.01,"LAC"
"SDN","Sudan",2015,178.5099,0.077,38.647803,2.98,"SSA"
"SUR","Suriname",2015,329.4876,0.188,0.553208,0.1,"LAC"
"SYR","Syrian Arab Republic",2015,115.3097,0.212,18.734987,3.97,"MNA"
"TJK","Tajikistan",2015,192.7153,0.048,8.548651,0.41,"ECA"
"TZA","Tanzania",2015,88.26408,0.407,53.879957,21.93,"SSA"
"THA","Thailand",2015,469.3652,0,68.6576,0,"EAP"
"TLS","Timor-Leste",2015,83.78779,0.323,1.240977,0.4,"EAP"
"TGO","Togo",2015,82.51706,0.492,7.416802,3.65,"SSA"
"TON","Tonga",2015,306.437,0.01,0.106364,0,"EAP"
"TTO","Trinidad and Tobago",2015,780.7052,0.002,1.360092,0,"LAC"
"TUN","Tunisia",2015,331.4573,0.004,11.273661,0.05,"MNA"
"TUR","Turkey",2015,541.233,0.003,78.271472,0.23,"ECA"
"TKM","Turkmenistan",2015,259.6186,0.028,5.565284,0.16,"ECA"
"TUV","Tuvalu",2015,267.4219,0.013,0.011001,0,"EAP"
"UGA","Uganda",2015,98.7756,0.394,40.14487,15.82,"SSA"
"UKR","Ukraine",2015,345.4878,0.001,45.154029,0.05,"ECA"
"URY","Uruguay",2015,809.9662,0.001,3.431552,0,"LAC"
"UZB","Uzbekistan",2015,130.0819,0.14,31.2989,4.38,"ECA"
"VUT","Vanuatu",2015,141.6901,0.153,0.264603,0.04,"EAP"
"VNM","Vietnam",2015,271.2889,0.024,93.571567,2.25,"EAP"
"PSE","West Bank and Gaza",2015,357.3893,0.006,4.422143,0.03,"MNA"
"YEM","Yemen, Republic of",2015,100.1712,0.304,26.916207,8.18,"MNA"
"ZMB","Zambia",2015,90.8552,0.575,16.100587,9.26,"SSA"
"ZWE","Zimbabwe",2015,166.6138,0.166,15.777451,2.62,"SSA"
