"countrycode","year","headcount","region"
"AGO",1993,0.41994,"SSA"
"AGO",1996,0.33749,"SSA"
"AGO",1999,0.32156,"SSA"
"AGO",2002,0.33389,"SSA"
"AGO",2005,0.33543,"SSA"
"AGO",2008,0.28616,"SSA"
"AGO",2010,0.31725,"SSA"
"AGO",2011,0.3291,"SSA"
"AGO",2012,0.33117,"SSA"
"AGO",2013,0.33672,"SSA"
"AGO",2015,0.37117,"SSA"
"AGO",2018,0.4712,"SSA"
"ALB",1993,0.05807,"ECA"
"ALB",1996,0.01129,"ECA"
"ALB",1999,0.01643,"ECA"
"ALB",2002,0.02047,"ECA"
"ALB",2005,0.01124,"ECA"
"ALB",2008,0.00371,"ECA"
"ALB",2010,0.00726,"ECA"
"ALB",2011,0.00851,"ECA"
"ALB",2012,0.01064,"ECA"
"ALB",2013,0.01719,"ECA"
"ALB",2015,0.01302,"ECA"
"ALB",2018,0.01423,"ECA"
"ALB",2022,0.000767061124696156,"ECA"
"ARG",1993,0.0242,"LAC"
"ARG",1996,0.04634,"LAC"
"ARG",1999,0.04779,"LAC"
"ARG",2002,0.13989,"LAC"
"ARG",2005,0.03652,"LAC"
"ARG",2008,0.02603,"LAC"
"ARG",2010,0.02233,"LAC"
"ARG",2011,0.00889,"LAC"
"ARG",2012,0.00791,"LAC"
"ARG",2013,0.00748,"LAC"
"ARG",2015,0.00658,"LAC"
"ARG",2018,0.01008,"LAC"
"ARG",2020,0.00181696332518122,"LAC"
"ARM",1993,0.27848,"ECA"
"ARM",1996,0.17905,"ECA"
"ARM",1999,0.16885,"ECA"
"ARM",2002,0.15059,"ECA"
"ARM",2005,0.04452,"ECA"
"ARM",2008,0.01357,"ECA"
"ARM",2010,0.01903,"ECA"
"ARM",2011,0.02213,"ECA"
"ARM",2012,0.0158,"ECA"
"ARM",2013,0.02241,"ECA"
"ARM",2015,0.01863,"ECA"
"ARM",2018,0.02082,"ECA"
"AUS",1993,0.00894,"OHI"
"AUS",1996,0.0095,"OHI"
"AUS",1999,0.00678,"OHI"
"AUS",2002,0.0084,"OHI"
"AUS",2005,0.00465,"OHI"
"AUS",2008,0.00361,"OHI"
"AUS",2010,0.00349,"OHI"
"AUS",2011,0.00386,"OHI"
"AUS",2012,0.00424,"OHI"
"AUS",2013,0.00461,"OHI"
"AUS",2015,0.00498,"OHI"
"AUS",2018,0.00498,"OHI"
"AUT",1993,0.00213,"OHI"
"AUT",1996,0.00602,"OHI"
"AUT",1999,0.00231,"OHI"
"AUT",2002,0.00221,"OHI"
"AUT",2005,0.00154,"OHI"
"AUT",2008,0.00471,"OHI"
"AUT",2010,0.00491,"OHI"
"AUT",2011,0.00415,"OHI"
"AUT",2012,0.00617,"OHI"
"AUT",2013,0.00338,"OHI"
"AUT",2015,0.00677,"OHI"
"AUT",2018,0.00318,"OHI"
"AZE",1993,0.03244,"ECA"
"AZE",1996,0.06752,"ECA"
"AZE",1999,0.04128,"ECA"
"AZE",2002,0.00043,"ECA"
"AZE",2005,0,"ECA"
"AZE",2008,0,"ECA"
"AZE",2010,0,"ECA"
"AZE",2011,0,"ECA"
"AZE",2012,0,"ECA"
"AZE",2013,0,"ECA"
"AZE",2015,0,"ECA"
"AZE",2018,0,"ECA"
"BDI",1993,0.82041,"SSA"
"BDI",1996,0.84291,"SSA"
"BDI",1999,0.83877,"SSA"
"BDI",2002,0.809,"SSA"
"BDI",2005,0.79705,"SSA"
"BDI",2008,0.76512,"SSA"
"BDI",2010,0.74906,"SSA"
"BDI",2011,0.74479,"SSA"
"BDI",2012,0.736,"SSA"
"BDI",2013,0.72158,"SSA"
"BDI",2015,0.7487,"SSA"
"BDI",2018,0.78187,"SSA"
"BDI",2186,0.00247987775055591,"SSA"
"BEL",1993,0.00793,"OHI"
"BEL",1996,0.00452,"OHI"
"BEL",1999,0.00368,"OHI"
"BEL",2002,0.00298,"OHI"
"BEL",2005,0.00193,"OHI"
"BEL",2008,0.00118,"OHI"
"BEL",2010,0.00137,"OHI"
"BEL",2011,0.00168,"OHI"
"BEL",2012,0.00157,"OHI"
"BEL",2013,0.00145,"OHI"
"BEL",2015,0.00071,"OHI"
"BEL",2018,0.00131,"OHI"
"BEN",1993,0.5847,"SSA"
"BEN",1996,0.57296,"SSA"
"BEN",1999,0.53599,"SSA"
"BEN",2002,0.49042,"SSA"
"BEN",2005,0.50404,"SSA"
"BEN",2008,0.49722,"SSA"
"BEN",2010,0.52272,"SSA"
"BEN",2011,0.53052,"SSA"
"BEN",2012,0.52462,"SSA"
"BEN",2013,0.51457,"SSA"
"BEN",2015,0.49522,"SSA"
"BEN",2018,0.45123,"SSA"
"BEN",2155,0.00227696332516825,"SSA"
"BFA",1993,0.83011,"SSA"
"BFA",1996,0.82077,"SSA"
"BFA",1999,0.76121,"SSA"
"BFA",2002,0.65686,"SSA"
"BFA",2005,0.56621,"SSA"
"BFA",2008,0.54404,"SSA"
"BFA",2010,0.53737,"SSA"
"BFA",2011,0.51162,"SSA"
"BFA",2012,0.48103,"SSA"
"BFA",2013,0.45398,"SSA"
"BFA",2015,0.42801,"SSA"
"BFA",2018,0.34817,"SSA"
"BFA",2036,0.004322885085557,"SSA"
"BGD",1993,0.38797,"SAS"
"BGD",1996,0.37137,"SAS"
"BGD",1999,0.37252,"SAS"
"BGD",2002,0.33917,"SAS"
"BGD",2005,0.25734,"SAS"
"BGD",2008,0.21408,"SAS"
"BGD",2010,0.19631,"SAS"
"BGD",2011,0.1847,"SAS"
"BGD",2012,0.1787,"SAS"
"BGD",2013,0.16841,"SAS"
"BGD",2015,0.15153,"SAS"
"BGD",2018,0.07837,"SAS"
"BGD",2025,0.00974508312957667,"SAS"
"BGR",1993,0.00191,"ECA"
"BGR",1996,0.00565,"ECA"
"BGR",1999,0.02478,"ECA"
"BGR",2002,0.01265,"ECA"
"BGR",2005,0.00699,"ECA"
"BGR",2008,0.01177,"ECA"
"BGR",2010,0.01929,"ECA"
"BGR",2011,0.0219,"ECA"
"BGR",2012,0.02031,"ECA"
"BGR",2013,0.01774,"ECA"
"BGR",2015,0.03017,"ECA"
"BGR",2018,0.01329,"ECA"
"BIH",1993,0.39713,"ECA"
"BIH",1996,0.01602,"ECA"
"BIH",1999,0.00353,"ECA"
"BIH",2002,0.00301,"ECA"
"BIH",2005,0.00129,"ECA"
"BIH",2008,0.00058,"ECA"
"BIH",2010,0.00061,"ECA"
"BIH",2011,0.00059,"ECA"
"BIH",2012,0.00059,"ECA"
"BIH",2013,0.00059,"ECA"
"BIH",2015,0.00059,"ECA"
"BIH",2018,0.00059,"ECA"
"BLR",1993,0.00089,"ECA"
"BLR",1996,0.00629,"ECA"
"BLR",1999,0.1049,"ECA"
"BLR",2002,0.02062,"ECA"
"BLR",2005,0.00372,"ECA"
"BLR",2008,0,"ECA"
"BLR",2010,0,"ECA"
"BLR",2011,0,"ECA"
"BLR",2012,0,"ECA"
"BLR",2013,0,"ECA"
"BLR",2015,0,"ECA"
"BLR",2018,0,"ECA"
"BLZ",1993,0.10093,"LAC"
"BLZ",1996,0.13262,"LAC"
"BLZ",1999,0.13918,"LAC"
"BLZ",2002,0.11675,"LAC"
"BLZ",2005,0.12534,"LAC"
"BLZ",2008,0.13918,"LAC"
"BLZ",2010,0.13918,"LAC"
"BLZ",2011,0.13661,"LAC"
"BLZ",2012,0.13661,"LAC"
"BLZ",2013,0.12592,"LAC"
"BLZ",2015,0.12592,"LAC"
"BLZ",2018,0.13918,"LAC"
"BOL",1993,0.15407,"LAC"
"BOL",1996,0.1975,"LAC"
"BOL",1999,0.25298,"LAC"
"BOL",2002,0.24694,"LAC"
"BOL",2005,0.19242,"LAC"
"BOL",2008,0.11028,"LAC"
"BOL",2010,0.0889,"LAC"
"BOL",2011,0.07289,"LAC"
"BOL",2012,0.08198,"LAC"
"BOL",2013,0.06858,"LAC"
"BOL",2015,0.06354,"LAC"
"BOL",2018,0.04485,"LAC"
"BOL",2023,0.00747355012224382,"LAC"
"BRA",1993,0.19925,"LAC"
"BRA",1996,0.14167,"LAC"
"BRA",1999,0.13359,"LAC"
"BRA",2002,0.10313,"LAC"
"BRA",2005,0.08639,"LAC"
"BRA",2008,0.05586,"LAC"
"BRA",2010,0.04978,"LAC"
"BRA",2011,0.04723,"LAC"
"BRA",2012,0.0377,"LAC"
"BRA",2013,0.03104,"LAC"
"BRA",2015,0.03181,"LAC"
"BRA",2018,0.04441,"LAC"
"BRA",2019,0.00103549388753166,"LAC"
"BTN",1993,0.45166,"SAS"
"BTN",1996,0.37372,"SAS"
"BTN",1999,0.29942,"SAS"
"BTN",2002,0.23909,"SAS"
"BTN",2005,0.09702,"SAS"
"BTN",2008,0.10034,"SAS"
"BTN",2010,0.02717,"SAS"
"BTN",2011,0.02755,"SAS"
"BTN",2012,0.0217,"SAS"
"BTN",2013,0.0173,"SAS"
"BTN",2015,0.0086,"SAS"
"BTN",2018,0.00749,"SAS"
"BWA",1993,0.34701,"SSA"
"BWA",1996,0.32383,"SSA"
"BWA",1999,0.28755,"SSA"
"BWA",2002,0.30136,"SSA"
"BWA",2005,0.25217,"SSA"
"BWA",2008,0.17239,"SSA"
"BWA",2010,0.17782,"SSA"
"BWA",2011,0.17,"SSA"
"BWA",2012,0.16865,"SSA"
"BWA",2013,0.14391,"SSA"
"BWA",2015,0.16073,"SSA"
"BWA",2018,0.14729,"SSA"
"BWA",2030,0.00725399999999254,"SSA"
"CAF",1993,0.83412,"SSA"
"CAF",1996,0.77509,"SSA"
"CAF",1999,0.69552,"SSA"
"CAF",2002,0.63625,"SSA"
"CAF",2005,0.65371,"SSA"
"CAF",2008,0.66265,"SSA"
"CAF",2010,0.61899,"SSA"
"CAF",2011,0.60523,"SSA"
"CAF",2012,0.58483,"SSA"
"CAF",2013,0.75939,"SSA"
"CAF",2015,0.74779,"SSA"
"CAF",2018,0.71645,"SSA"
"CAF",2188,0.00234939853303473,"SSA"
"CAN",1993,0.00238,"OHI"
"CAN",1996,0.00416,"OHI"
"CAN",1999,0.00375,"OHI"
"CAN",2002,0.00247,"OHI"
"CAN",2005,0.00245,"OHI"
"CAN",2008,0.00248,"OHI"
"CAN",2010,0.00249,"OHI"
"CAN",2011,0.00331,"OHI"
"CAN",2012,0.00414,"OHI"
"CAN",2013,0.00496,"OHI"
"CAN",2015,0.00243,"OHI"
"CAN",2018,0.00243,"OHI"
"CHE",1993,0.00433,"OHI"
"CHE",1996,0.00247,"OHI"
"CHE",1999,0.00062,"OHI"
"CHE",2002,0,"OHI"
"CHE",2005,0.00035,"OHI"
"CHE",2008,0.00068,"OHI"
"CHE",2010,6e-04,"OHI"
"CHE",2011,3e-05,"OHI"
"CHE",2012,9e-05,"OHI"
"CHE",2013,0.00042,"OHI"
"CHE",2015,0.00031,"OHI"
"CHE",2018,0,"OHI"
"CHL",1993,0.04911,"LAC"
"CHL",1996,0.03437,"LAC"
"CHL",1999,0.04152,"LAC"
"CHL",2002,0.04316,"LAC"
"CHL",2005,0.02256,"LAC"
"CHL",2008,0.01244,"LAC"
"CHL",2010,0.00986,"LAC"
"CHL",2011,0.00631,"LAC"
"CHL",2012,0.00482,"LAC"
"CHL",2013,0.00377,"LAC"
"CHL",2015,0.00303,"LAC"
"CHL",2018,0.00277,"LAC"
"CHN",1993,0.56645,"EAP"
"CHN",1996,0.41673,"EAP"
"CHN",1999,0.4021,"EAP"
"CHN",2002,0.3166,"EAP"
"CHN",2005,0.18511,"EAP"
"CHN",2008,0.14831,"EAP"
"CHN",2010,0.11183,"EAP"
"CHN",2011,0.07911,"EAP"
"CHN",2012,0.0648,"EAP"
"CHN",2013,0.01856,"EAP"
"CHN",2015,0.00727,"EAP"
"CHN",2018,0.00268,"EAP"
"CIV",1993,0.22515,"SSA"
"CIV",1996,0.2086,"SSA"
"CIV",1999,0.24494,"SSA"
"CIV",2002,0.23204,"SSA"
"CIV",2005,0.26711,"SSA"
"CIV",2008,0.29143,"SSA"
"CIV",2010,0.31654,"SSA"
"CIV",2011,0.36326,"SSA"
"CIV",2012,0.33886,"SSA"
"CIV",2013,0.32049,"SSA"
"CIV",2015,0.28207,"SSA"
"CIV",2018,0.215,"SSA"
"CMR",1993,0.48711,"SSA"
"CMR",1996,0.48076,"SSA"
"CMR",1999,0.29817,"SSA"
"CMR",2002,0.24173,"SSA"
"CMR",2005,0.27013,"SSA"
"CMR",2008,0.28759,"SSA"
"CMR",2010,0.30218,"SSA"
"CMR",2011,0.29369,"SSA"
"CMR",2012,0.28177,"SSA"
"CMR",2013,0.26156,"SSA"
"CMR",2015,0.22771,"SSA"
"CMR",2018,0.21305,"SSA"
"CMR",2040,0.00590712469437449,"SSA"
"COD",1993,0.86772,"SSA"
"COD",1996,0.89834,"SSA"
"COD",1999,0.93144,"SSA"
"COD",2002,0.95058,"SSA"
"COD",2005,0.93802,"SSA"
"COD",2008,0.88299,"SSA"
"COD",2010,0.85391,"SSA"
"COD",2011,0.82218,"SSA"
"COD",2012,0.78695,"SSA"
"COD",2013,0.75471,"SSA"
"COD",2015,0.71735,"SSA"
"COD",2018,0.70729,"SSA"
"COD",2107,0.00363419070897208,"SSA"
"COG",1993,0.51365,"SSA"
"COG",1996,0.54293,"SSA"
"COG",1999,0.58406,"SSA"
"COG",2002,0.55271,"SSA"
"COG",2005,0.53409,"SSA"
"COG",2008,0.47505,"SSA"
"COG",2010,0.37858,"SSA"
"COG",2011,0.36965,"SSA"
"COG",2012,0.36612,"SSA"
"COG",2013,0.36327,"SSA"
"COG",2015,0.34861,"SSA"
"COG",2018,0.40133,"SSA"
"COG",2054,0.00555710024446654,"SSA"
"COL",1993,0.1061,"LAC"
"COL",1996,0.1655,"LAC"
"COL",1999,0.20072,"LAC"
"COL",2002,0.143,"LAC"
"COL",2005,0.09707,"LAC"
"COL",2008,0.10354,"LAC"
"COL",2010,0.07716,"LAC"
"COL",2011,0.06263,"LAC"
"COL",2012,0.06195,"LAC"
"COL",2013,0.05681,"LAC"
"COL",2015,0.04544,"LAC"
"COL",2018,0.04113,"LAC"
"COL",2025,0.00147399755500643,"LAC"
"COM",1993,0.12003,"SSA"
"COM",1996,0.14829,"SSA"
"COM",1999,0.15045,"SSA"
"COM",2002,0.13239,"SSA"
"COM",2005,0.13891,"SSA"
"COM",2008,0.15563,"SSA"
"COM",2010,0.15972,"SSA"
"COM",2011,0.16194,"SSA"
"COM",2012,0.16708,"SSA"
"COM",2013,0.1689,"SSA"
"COM",2015,0.17864,"SSA"
"COM",2018,0.16905,"SSA"
"CPV",1993,0.48839,"SSA"
"CPV",1996,0.32509,"SSA"
"CPV",1999,0.21491,"SSA"
"CPV",2002,0.15907,"SSA"
"CPV",2005,0.11716,"SSA"
"CPV",2008,0.06816,"SSA"
"CPV",2010,0.05559,"SSA"
"CPV",2011,0.05175,"SSA"
"CPV",2012,0.04654,"SSA"
"CPV",2013,0.04243,"SSA"
"CPV",2015,0.03227,"SSA"
"CPV",2018,0.02362,"SSA"
"CRI",1993,0.08007,"LAC"
"CRI",1996,0.07961,"LAC"
"CRI",1999,0.0637,"LAC"
"CRI",2002,0.04477,"LAC"
"CRI",2005,0.03136,"LAC"
"CRI",2008,0.0219,"LAC"
"CRI",2010,0.01497,"LAC"
"CRI",2011,0.01625,"LAC"
"CRI",2012,0.01627,"LAC"
"CRI",2013,0.01622,"LAC"
"CRI",2015,0.01516,"LAC"
"CRI",2018,0.01418,"LAC"
"CYP",1993,0.00132,"OHI"
"CYP",1996,0.00094,"OHI"
"CYP",1999,0.00094,"OHI"
"CYP",2002,0.00094,"OHI"
"CYP",2005,6e-05,"OHI"
"CYP",2008,8e-05,"OHI"
"CYP",2010,0.00022,"OHI"
"CYP",2011,8e-05,"OHI"
"CYP",2012,4e-05,"OHI"
"CYP",2013,0.00046,"OHI"
"CYP",2015,0,"OHI"
"CYP",2018,0.00033,"OHI"
"CZE",1993,0.00016,"ECA"
"CZE",1996,0,"ECA"
"CZE",1999,0,"ECA"
"CZE",2002,0,"ECA"
"CZE",2005,5e-05,"ECA"
"CZE",2008,0.00033,"ECA"
"CZE",2010,0.00036,"ECA"
"CZE",2011,0.00046,"ECA"
"CZE",2012,0.00032,"ECA"
"CZE",2013,0.00046,"ECA"
"CZE",2015,9e-05,"ECA"
"CZE",2018,0,"ECA"
"DEU",1993,0.00116,"OHI"
"DEU",1996,0.0016,"OHI"
"DEU",1999,0,"OHI"
"DEU",2002,0,"OHI"
"DEU",2005,0,"OHI"
"DEU",2008,0.00204,"OHI"
"DEU",2010,0,"OHI"
"DEU",2011,0,"OHI"
"DEU",2012,0,"OHI"
"DEU",2013,0,"OHI"
"DEU",2015,0,"OHI"
"DEU",2018,0,"OHI"
"DJI",1993,0.13192,"MNA"
"DJI",1996,0.17453,"MNA"
"DJI",1999,0.20042,"MNA"
"DJI",2002,0.20628,"MNA"
"DJI",2005,0.20254,"MNA"
"DJI",2008,0.18676,"MNA"
"DJI",2010,0.18552,"MNA"
"DJI",2011,0.18552,"MNA"
"DJI",2012,0.18322,"MNA"
"DJI",2013,0.2271,"MNA"
"DJI",2015,0.19852,"MNA"
"DJI",2018,0.16533,"MNA"
"DNK",1993,0.00329,"OHI"
"DNK",1996,0,"OHI"
"DNK",1999,0,"OHI"
"DNK",2002,0.00229,"OHI"
"DNK",2005,0.00255,"OHI"
"DNK",2008,0.00148,"OHI"
"DNK",2010,0.00057,"OHI"
"DNK",2011,0,"OHI"
"DNK",2012,0,"OHI"
"DNK",2013,0.00311,"OHI"
"DNK",2015,0.00175,"OHI"
"DNK",2018,0.00141,"OHI"
"DOM",1993,0.05012,"LAC"
"DOM",1996,0.0493,"LAC"
"DOM",1999,0.05277,"LAC"
"DOM",2002,0.05621,"LAC"
"DOM",2005,0.05637,"LAC"
"DOM",2008,0.03681,"LAC"
"DOM",2010,0.0249,"LAC"
"DOM",2011,0.02893,"LAC"
"DOM",2012,0.02599,"LAC"
"DOM",2013,0.02165,"LAC"
"DOM",2015,0.01781,"LAC"
"DOM",2018,0.00435,"LAC"
"DOM",2025,0.000478168704154847,"LAC"
"DZA",1993,0.06132,"MNA"
"DZA",1996,0.06441,"MNA"
"DZA",1999,0.05933,"MNA"
"DZA",2002,0.03694,"MNA"
"DZA",2005,0.02104,"MNA"
"DZA",2008,0.011,"MNA"
"DZA",2010,0.00646,"MNA"
"DZA",2011,0.00483,"MNA"
"DZA",2012,0.00426,"MNA"
"DZA",2013,0.0039,"MNA"
"DZA",2015,0.00346,"MNA"
"DZA",2018,0.0033,"MNA"
"ECU",1993,0.17712,"LAC"
"ECU",1996,0.18156,"LAC"
"ECU",1999,0.21843,"LAC"
"ECU",2002,0.15771,"LAC"
"ECU",2005,0.11923,"LAC"
"ECU",2008,0.07456,"LAC"
"ECU",2010,0.05616,"LAC"
"ECU",2011,0.04669,"LAC"
"ECU",2012,0.04463,"LAC"
"ECU",2013,0.03241,"LAC"
"ECU",2015,0.0344,"LAC"
"ECU",2018,0.03311,"LAC"
"EGY",1993,0.06258,"MNA"
"EGY",1996,0.04353,"MNA"
"EGY",1999,0.02408,"MNA"
"EGY",2002,0.03197,"MNA"
"EGY",2005,0.04309,"MNA"
"EGY",2008,0.03951,"MNA"
"EGY",2010,0.02204,"MNA"
"EGY",2011,0.01621,"MNA"
"EGY",2012,0.01334,"MNA"
"EGY",2013,0.0137,"MNA"
"EGY",2015,0.01349,"MNA"
"EGY",2018,0.03248,"MNA"
"EGY",2028,0.000178457212714367,"MNA"
"ESP",1993,0.00945,"OHI"
"ESP",1996,0.01093,"OHI"
"ESP",1999,0.00589,"OHI"
"ESP",2002,0.00708,"OHI"
"ESP",2005,0.00753,"OHI"
"ESP",2008,0.00494,"OHI"
"ESP",2010,0.00682,"OHI"
"ESP",2011,0.01144,"OHI"
"ESP",2012,0.00937,"OHI"
"ESP",2013,0.01157,"OHI"
"ESP",2015,0.00941,"OHI"
"ESP",2018,0.00678,"OHI"
"EST",1993,0.01324,"ECA"
"EST",1996,0.00391,"ECA"
"EST",1999,0.00875,"ECA"
"EST",2002,0.01321,"ECA"
"EST",2005,0.00786,"ECA"
"EST",2008,0.00386,"ECA"
"EST",2010,0.00761,"ECA"
"EST",2011,0.0098,"ECA"
"EST",2012,0.00725,"ECA"
"EST",2013,0.0086,"ECA"
"EST",2015,0.006,"ECA"
"EST",2018,0.00269,"ECA"
"ETH",1993,0.73107,"SSA"
"ETH",1996,0.65988,"SSA"
"ETH",1999,0.63522,"SSA"
"ETH",2002,0.51541,"SSA"
"ETH",2005,0.37028,"SSA"
"ETH",2008,0.35421,"SSA"
"ETH",2010,0.33858,"SSA"
"ETH",2011,0.33179,"SSA"
"ETH",2012,0.32845,"SSA"
"ETH",2013,0.32259,"SSA"
"ETH",2015,0.31078,"SSA"
"ETH",2018,0.22313,"SSA"
"ETH",2027,0.0178115232273797,"SSA"
"FIN",1993,0,"OHI"
"FIN",1996,0,"OHI"
"FIN",1999,0,"OHI"
"FIN",2002,0.00033,"OHI"
"FIN",2005,0.00055,"OHI"
"FIN",2008,0.00054,"OHI"
"FIN",2010,0.00049,"OHI"
"FIN",2011,0.00047,"OHI"
"FIN",2012,0.00053,"OHI"
"FIN",2013,0.00085,"OHI"
"FIN",2015,7e-04,"OHI"
"FIN",2018,0.00066,"OHI"
"FJI",1993,0.08127,"EAP"
"FJI",1996,0.06351,"EAP"
"FJI",1999,0.05545,"EAP"
"FJI",2002,0.0499,"EAP"
"FJI",2005,0.03696,"EAP"
"FJI",2008,0.03424,"EAP"
"FJI",2010,0.03051,"EAP"
"FJI",2011,0.02591,"EAP"
"FJI",2012,0.02164,"EAP"
"FJI",2013,0.01508,"EAP"
"FJI",2015,0.00953,"EAP"
"FJI",2018,0.00481,"EAP"
"FJI",2019,0.000488880195598895,"EAP"
"FRA",1993,0.00198,"OHI"
"FRA",1996,0,"OHI"
"FRA",1999,0,"OHI"
"FRA",2002,0.00105,"OHI"
"FRA",2005,0.00043,"OHI"
"FRA",2008,1e-04,"OHI"
"FRA",2010,0.00082,"OHI"
"FRA",2011,0.00026,"OHI"
"FRA",2012,0.00054,"OHI"
"FRA",2013,6e-04,"OHI"
"FRA",2015,0.00134,"OHI"
"FRA",2018,0.00014,"OHI"
"FSM",1993,0.08801,"EAP"
"FSM",1996,0.0915,"EAP"
"FSM",1999,0.09582,"EAP"
"FSM",2002,0.08465,"EAP"
"FSM",2005,0.08081,"EAP"
"FSM",2008,0.11887,"EAP"
"FSM",2010,0.11605,"EAP"
"FSM",2011,0.12092,"EAP"
"FSM",2012,0.13334,"EAP"
"FSM",2013,0.15393,"EAP"
"FSM",2015,0.15745,"EAP"
"FSM",2018,0.15393,"EAP"
"GAB",1993,0.05254,"SSA"
"GAB",1996,0.04611,"SSA"
"GAB",1999,0.05983,"SSA"
"GAB",2002,0.07511,"SSA"
"GAB",2005,0.07972,"SSA"
"GAB",2008,0.08335,"SSA"
"GAB",2010,0.07274,"SSA"
"GAB",2011,0.06273,"SSA"
"GAB",2012,0.05626,"SSA"
"GAB",2013,0.04914,"SSA"
"GAB",2015,0.03995,"SSA"
"GAB",2018,0.03466,"SSA"
"GBR",1993,0.00244,"OHI"
"GBR",1996,0.00615,"OHI"
"GBR",1999,0.00244,"OHI"
"GBR",2002,0.0033,"OHI"
"GBR",2005,0.00523,"OHI"
"GBR",2008,0.00295,"OHI"
"GBR",2010,0.00141,"OHI"
"GBR",2011,0.00371,"OHI"
"GBR",2012,0.00169,"OHI"
"GBR",2013,0.0016,"OHI"
"GBR",2015,0.00147,"OHI"
"GBR",2018,0.00198,"OHI"
"GEO",1993,0.07256,"ECA"
"GEO",1996,0.05451,"ECA"
"GEO",1999,0.18741,"ECA"
"GEO",2002,0.10507,"ECA"
"GEO",2005,0.10856,"ECA"
"GEO",2008,0.10406,"ECA"
"GEO",2010,0.12181,"ECA"
"GEO",2011,0.1128,"ECA"
"GEO",2012,0.08618,"ECA"
"GEO",2013,0.06612,"ECA"
"GEO",2015,0.03765,"ECA"
"GEO",2018,0.04541,"ECA"
"GEO",2062,0.000841041564779488,"ECA"
"GHA",1993,0.46387,"SSA"
"GHA",1996,0.40955,"SSA"
"GHA",1999,0.34709,"SSA"
"GHA",2002,0.3124,"SSA"
"GHA",2005,0.25807,"SSA"
"GHA",2008,0.21365,"SSA"
"GHA",2010,0.18621,"SSA"
"GHA",2011,0.14957,"SSA"
"GHA",2012,0.13095,"SSA"
"GHA",2013,0.1189,"SSA"
"GHA",2015,0.13179,"SSA"
"GHA",2018,0.12266,"SSA"
"GHA",2022,0.0092770073349584,"SSA"
"GIN",1993,0.61515,"SSA"
"GIN",1996,0.52266,"SSA"
"GIN",1999,0.57089,"SSA"
"GIN",2002,0.61571,"SSA"
"GIN",2005,0.61054,"SSA"
"GIN",2008,0.5506,"SSA"
"GIN",2010,0.54953,"SSA"
"GIN",2011,0.45824,"SSA"
"GIN",2012,0.35273,"SSA"
"GIN",2013,0.34197,"SSA"
"GIN",2015,0.32901,"SSA"
"GIN",2018,0.21995,"SSA"
"GIN",2041,0.00829601466990226,"SSA"
"GMB",1993,0.68658,"SSA"
"GMB",1996,0.71507,"SSA"
"GMB",1999,0.56652,"SSA"
"GMB",2002,0.63816,"SSA"
"GMB",2005,0.42417,"SSA"
"GMB",2008,0.33784,"SSA"
"GMB",2010,0.24583,"SSA"
"GMB",2011,0.27102,"SSA"
"GMB",2012,0.22024,"SSA"
"GMB",2013,0.18183,"SSA"
"GMB",2015,0.11374,"SSA"
"GMB",2018,0.08914,"SSA"
"GMB",2020,0.00605024449877334,"SSA"
"GNB",1993,0.6402,"SSA"
"GNB",1996,0.4897,"SSA"
"GNB",1999,0.6055,"SSA"
"GNB",2002,0.53871,"SSA"
"GNB",2005,0.58849,"SSA"
"GNB",2008,0.63816,"SSA"
"GNB",2010,0.67084,"SSA"
"GNB",2011,0.64605,"SSA"
"GNB",2012,0.66685,"SSA"
"GNB",2013,0.66421,"SSA"
"GNB",2015,0.65403,"SSA"
"GNB",2018,0.6164,"SSA"
"GRC",1993,0.01738,"OHI"
"GRC",1996,0.01489,"OHI"
"GRC",1999,0.00691,"OHI"
"GRC",2002,0.00517,"OHI"
"GRC",2005,0.00339,"OHI"
"GRC",2008,0.00344,"OHI"
"GRC",2010,0.00973,"OHI"
"GRC",2011,0.01173,"OHI"
"GRC",2012,0.0147,"OHI"
"GRC",2013,0.00965,"OHI"
"GRC",2015,0.01385,"OHI"
"GRC",2018,0.00873,"OHI"
"GTM",1993,0.25787,"LAC"
"GTM",1996,0.17901,"LAC"
"GTM",1999,0.11125,"LAC"
"GTM",2002,0.09897,"LAC"
"GTM",2005,0.10782,"LAC"
"GTM",2008,0.09994,"LAC"
"GTM",2010,0.10167,"LAC"
"GTM",2011,0.09842,"LAC"
"GTM",2012,0.09687,"LAC"
"GTM",2013,0.09159,"LAC"
"GTM",2015,0.07878,"LAC"
"GTM",2018,0.06965,"LAC"
"GTM",2028,0.000509924205381651,"LAC"
"GUY",1993,0.29841,"LAC"
"GUY",1996,0.15776,"LAC"
"GUY",1999,0.12952,"LAC"
"GUY",2002,0.12432,"LAC"
"GUY",2005,0.12672,"LAC"
"GUY",2008,0.10225,"LAC"
"GUY",2010,0.09096,"LAC"
"GUY",2011,0.08408,"LAC"
"GUY",2012,0.07764,"LAC"
"GUY",2013,0.07195,"LAC"
"GUY",2015,0.06492,"LAC"
"GUY",2018,0.05606,"LAC"
"GUY",2022,0.005778339853304,"LAC"
"HND",1993,0.23615,"LAC"
"HND",1996,0.30353,"LAC"
"HND",1999,0.26451,"LAC"
"HND",2002,0.23399,"LAC"
"HND",2005,0.26536,"LAC"
"HND",2008,0.16515,"LAC"
"HND",2010,0.14987,"LAC"
"HND",2011,0.17074,"LAC"
"HND",2012,0.19633,"LAC"
"HND",2013,0.17319,"LAC"
"HND",2015,0.1616,"LAC"
"HND",2018,0.16534,"LAC"
"HND",2045,0.00461119070903315,"LAC"
"HRV",1993,0.00586,"ECA"
"HRV",1996,0.00613,"ECA"
"HRV",1999,0.00242,"ECA"
"HRV",2002,0.00068,"ECA"
"HRV",2005,0,"ECA"
"HRV",2008,0,"ECA"
"HRV",2010,0,"ECA"
"HRV",2011,0.0073,"ECA"
"HRV",2012,0.00875,"ECA"
"HRV",2013,0.00746,"ECA"
"HRV",2015,0.00631,"ECA"
"HRV",2018,0.0053,"ECA"
"HTI",1993,0.6101,"LAC"
"HTI",1996,0.62529,"LAC"
"HTI",1999,0.61841,"LAC"
"HTI",2002,0.62705,"LAC"
"HTI",2005,0.6199,"LAC"
"HTI",2008,0.58178,"LAC"
"HTI",2010,0.57589,"LAC"
"HTI",2011,0.54936,"LAC"
"HTI",2012,0.24228,"LAC"
"HTI",2013,0.23872,"LAC"
"HTI",2015,0.24663,"LAC"
"HTI",2018,0.25348,"LAC"
"HTI",2034,0.0095411124694138,"LAC"
"HUN",1993,0.0017,"ECA"
"HUN",1996,0.00828,"ECA"
"HUN",1999,0.00028,"ECA"
"HUN",2002,0,"ECA"
"HUN",2005,0,"ECA"
"HUN",2008,0.00013,"ECA"
"HUN",2010,0.00059,"ECA"
"HUN",2011,0.00083,"ECA"
"HUN",2012,0.00306,"ECA"
"HUN",2013,0.00107,"ECA"
"HUN",2015,0.00576,"ECA"
"HUN",2018,0.00503,"ECA"
"IDN",1993,0.58518,"EAP"
"IDN",1996,0.47383,"EAP"
"IDN",1999,0.41693,"EAP"
"IDN",2002,0.22792,"EAP"
"IDN",2005,0.21107,"EAP"
"IDN",2008,0.21845,"EAP"
"IDN",2010,0.15735,"EAP"
"IDN",2011,0.13323,"EAP"
"IDN",2012,0.11557,"EAP"
"IDN",2013,0.09387,"EAP"
"IDN",2015,0.07181,"EAP"
"IDN",2018,0.04639,"EAP"
"IND",1993,0.46205,"SAS"
"IND",1996,0.43647,"SAS"
"IND",1999,0.41829,"SAS"
"IND",2002,0.40724,"SAS"
"IND",2005,0.37271,"SAS"
"IND",2008,0.33348,"SAS"
"IND",2010,0.28007,"SAS"
"IND",2011,0.223,"SAS"
"IND",2012,0.20271,"SAS"
"IND",2013,0.17858,"SAS"
"IND",2015,0.13347,"SAS"
"IND",2018,,"SAS"
"IND",2026,0.0137003165611489,"SAS"
"IRL",1993,0.0021,"OHI"
"IRL",1996,0.00224,"OHI"
"IRL",1999,0.0019,"OHI"
"IRL",2002,0.00085,"OHI"
"IRL",2005,0.00022,"OHI"
"IRL",2008,0.00181,"OHI"
"IRL",2010,0.00543,"OHI"
"IRL",2011,0.00472,"OHI"
"IRL",2012,0.00247,"OHI"
"IRL",2013,0.00652,"OHI"
"IRL",2015,0.0033,"OHI"
"IRL",2018,0.00131,"OHI"
"IRN",1993,0.03542,"MNA"
"IRN",1996,0.04509,"MNA"
"IRN",1999,0.02378,"MNA"
"IRN",2002,0.01297,"MNA"
"IRN",2005,0.00444,"MNA"
"IRN",2008,0.00769,"MNA"
"IRN",2010,0.00706,"MNA"
"IRN",2011,0.00469,"MNA"
"IRN",2012,0.00306,"MNA"
"IRN",2013,0.00112,"MNA"
"IRN",2015,0.00255,"MNA"
"IRN",2018,0.00337,"MNA"
"IRQ",1993,0.23091,"MNA"
"IRQ",1996,0.18824,"MNA"
"IRQ",1999,0.01643,"MNA"
"IRQ",2002,0.02986,"MNA"
"IRQ",2005,0.03001,"MNA"
"IRQ",2008,0.02182,"MNA"
"IRQ",2010,0.02433,"MNA"
"IRQ",2011,0.02492,"MNA"
"IRQ",2012,0.0246,"MNA"
"IRQ",2013,0.02018,"MNA"
"IRQ",2015,0.0248,"MNA"
"IRQ",2018,0.0208,"MNA"
"ISL",1993,0.00038,"OHI"
"ISL",1996,0.00038,"OHI"
"ISL",1999,0,"OHI"
"ISL",2002,0,"OHI"
"ISL",2005,0.00037,"OHI"
"ISL",2008,0.00061,"OHI"
"ISL",2010,0.00149,"OHI"
"ISL",2011,0.00123,"OHI"
"ISL",2012,0.00034,"OHI"
"ISL",2013,0.00047,"OHI"
"ISL",2015,0.00034,"OHI"
"ISL",2018,0,"OHI"
"ISR",1993,0.00221,"OHI"
"ISR",1996,0.0024,"OHI"
"ISR",1999,0.00247,"OHI"
"ISR",2002,0.00308,"OHI"
"ISR",2005,0.00483,"OHI"
"ISR",2008,0.00404,"OHI"
"ISR",2010,0.00228,"OHI"
"ISR",2011,0.00358,"OHI"
"ISR",2012,0.00489,"OHI"
"ISR",2013,0.00491,"OHI"
"ISR",2015,0.00367,"OHI"
"ISR",2018,0.00241,"OHI"
"ITA",1993,0.01223,"OHI"
"ITA",1996,0.01076,"OHI"
"ITA",1999,0.01496,"OHI"
"ITA",2002,0.00969,"OHI"
"ITA",2005,0.00657,"OHI"
"ITA",2008,0.00704,"OHI"
"ITA",2010,0.01265,"OHI"
"ITA",2011,0.01156,"OHI"
"ITA",2012,0.01201,"OHI"
"ITA",2013,0.01373,"OHI"
"ITA",2015,0.01961,"OHI"
"ITA",2018,0.01418,"OHI"
"JAM",1993,0.09909,"LAC"
"JAM",1996,0.03428,"LAC"
"JAM",1999,0.02614,"LAC"
"JAM",2002,0.02811,"LAC"
"JAM",2005,0.01698,"LAC"
"JAM",2008,0.01594,"LAC"
"JAM",2010,0.01995,"LAC"
"JAM",2011,0.01836,"LAC"
"JAM",2012,0.01995,"LAC"
"JAM",2013,0.01995,"LAC"
"JAM",2015,0.01891,"LAC"
"JAM",2018,0.01836,"LAC"
"JAM",2020,0.00153866259168911,"LAC"
"JOR",1993,0.03585,"MNA"
"JOR",1996,0.02292,"MNA"
"JOR",1999,0.0161,"MNA"
"JOR",2002,0.01086,"MNA"
"JOR",2005,0.00349,"MNA"
"JOR",2008,0.00119,"MNA"
"JOR",2010,0.00132,"MNA"
"JOR",2011,0.00131,"MNA"
"JOR",2012,0.00104,"MNA"
"JOR",2013,0.00104,"MNA"
"JOR",2015,0.00202,"MNA"
"JOR",2018,0.00229,"MNA"
"JPN",1993,0.0048,"OHI"
"JPN",1996,0.0048,"OHI"
"JPN",1999,0.0048,"OHI"
"JPN",2002,0.0048,"OHI"
"JPN",2005,0.0048,"OHI"
"JPN",2008,0.0048,"OHI"
"JPN",2010,0,"OHI"
"JPN",2011,0.00243,"OHI"
"JPN",2012,0.00485,"OHI"
"JPN",2013,0.00728,"OHI"
"JPN",2015,0.00728,"OHI"
"JPN",2018,0.00728,"OHI"
"KAZ",1993,0.06379,"ECA"
"KAZ",1996,0.06334,"ECA"
"KAZ",1999,0.10069,"ECA"
"KAZ",2002,0.06774,"ECA"
"KAZ",2005,0.06858,"ECA"
"KAZ",2008,0.00082,"ECA"
"KAZ",2010,0.00127,"ECA"
"KAZ",2011,0.00043,"ECA"
"KAZ",2012,0.00035,"ECA"
"KAZ",2013,0.00023,"ECA"
"KAZ",2015,2e-04,"ECA"
"KAZ",2018,0.00019,"ECA"
"KEN",1993,0.37199,"SSA"
"KEN",1996,0.3067,"SSA"
"KEN",1999,0.35212,"SSA"
"KEN",2002,0.41755,"SSA"
"KEN",2005,0.43884,"SSA"
"KEN",2008,0.42101,"SSA"
"KEN",2010,0.4074,"SSA"
"KEN",2011,0.4001,"SSA"
"KEN",2012,0.39388,"SSA"
"KEN",2013,0.38689,"SSA"
"KEN",2015,0.37287,"SSA"
"KEN",2018,0.32642,"SSA"
"KGZ",1993,0.19114,"ECA"
"KGZ",1996,0.3255,"ECA"
"KGZ",1999,0.23009,"ECA"
"KGZ",2002,0.34132,"ECA"
"KGZ",2005,0.15347,"ECA"
"KGZ",2008,0.04009,"ECA"
"KGZ",2010,0.04067,"ECA"
"KGZ",2011,0.01806,"ECA"
"KGZ",2012,0.02918,"ECA"
"KGZ",2013,0.03277,"ECA"
"KGZ",2015,0.02538,"ECA"
"KGZ",2018,0.00861,"ECA"
"KIR",1993,0.13334,"EAP"
"KIR",1996,0.14027,"EAP"
"KIR",1999,0.12869,"EAP"
"KIR",2002,0.12584,"EAP"
"KIR",2005,0.12584,"EAP"
"KIR",2008,0.14027,"EAP"
"KIR",2010,0.14651,"EAP"
"KIR",2011,0.14651,"EAP"
"KIR",2012,0.14114,"EAP"
"KIR",2013,0.14027,"EAP"
"KIR",2015,0.11821,"EAP"
"KIR",2018,0.11165,"EAP"
"KOR",1993,0.00492,"OHI"
"KOR",1996,0.00492,"OHI"
"KOR",1999,0.00492,"OHI"
"KOR",2002,0.00249,"OHI"
"KOR",2005,0.00249,"OHI"
"KOR",2008,0.00243,"OHI"
"KOR",2010,0.00496,"OHI"
"KOR",2011,0.00373,"OHI"
"KOR",2012,0.00249,"OHI"
"KOR",2013,0.00249,"OHI"
"KOR",2015,0.00249,"OHI"
"KOR",2018,0.00249,"OHI"
"LAO",1993,0.35953,"EAP"
"LAO",1996,0.47901,"EAP"
"LAO",1999,0.4554,"EAP"
"LAO",2002,0.34682,"EAP"
"LAO",2005,0.27385,"EAP"
"LAO",2008,0.25816,"EAP"
"LAO",2010,0.23947,"EAP"
"LAO",2011,0.24171,"EAP"
"LAO",2012,0.22672,"EAP"
"LAO",2013,0.21178,"EAP"
"LAO",2015,0.1806,"EAP"
"LAO",2018,0.08639,"EAP"
"LAO",2028,0.00282494621025364,"EAP"
"LBN",1993,0,"MNA"
"LBN",1996,0,"MNA"
"LBN",1999,0,"MNA"
"LBN",2002,0,"MNA"
"LBN",2005,0,"MNA"
"LBN",2008,0,"MNA"
"LBN",2010,0,"MNA"
"LBN",2011,0,"MNA"
"LBN",2012,0,"MNA"
"LBN",2013,0,"MNA"
"LBN",2015,0,"MNA"
"LBN",2018,0,"MNA"
"LBR",1993,0.92373,"SSA"
"LBR",1996,0.96424,"SSA"
"LBR",1999,0.66532,"SSA"
"LBR",2002,0.51808,"SSA"
"LBR",2005,0.7372,"SSA"
"LBR",2008,0.64801,"SSA"
"LBR",2010,0.58828,"SSA"
"LBR",2011,0.51397,"SSA"
"LBR",2012,0.43733,"SSA"
"LBR",2013,0.40011,"SSA"
"LBR",2015,0.39449,"SSA"
"LBR",2018,0.42084,"SSA"
"LBR",2034,0.00782653789729437,"SSA"
"LCA",1993,0.36369,"LAC"
"LCA",1996,0.22939,"LAC"
"LCA",1999,0.09563,"LAC"
"LCA",2002,0.26263,"LAC"
"LCA",2005,0.07995,"LAC"
"LCA",2008,0.13718,"LAC"
"LCA",2010,0.05397,"LAC"
"LCA",2011,0.10385,"LAC"
"LCA",2012,0.04383,"LAC"
"LCA",2013,0.06141,"LAC"
"LCA",2015,0.06329,"LAC"
"LCA",2018,0.0458,"LAC"
"LKA",1993,0.08684,"SAS"
"LKA",1996,0.10047,"SAS"
"LKA",1999,0.08142,"SAS"
"LKA",2002,0.0825,"SAS"
"LKA",2005,0.05226,"SAS"
"LKA",2008,0.02711,"SAS"
"LKA",2010,0.02331,"SAS"
"LKA",2011,0.02031,"SAS"
"LKA",2012,0.02041,"SAS"
"LKA",2013,0.01684,"SAS"
"LKA",2015,0.01105,"SAS"
"LKA",2018,0.0069,"SAS"
"LSO",1993,0.49374,"SSA"
"LSO",1996,0.52076,"SSA"
"LSO",1999,0.5796,"SSA"
"LSO",2002,0.61056,"SSA"
"LSO",2005,0.55251,"SSA"
"LSO",2008,0.44407,"SSA"
"LSO",2010,0.39108,"SSA"
"LSO",2011,0.35261,"SSA"
"LSO",2012,0.32197,"SSA"
"LSO",2013,0.30947,"SSA"
"LSO",2015,0.28938,"SSA"
"LSO",2018,0.26798,"SSA"
"LSO",2039,0.0114933960879924,"SSA"
"LTU",1993,0.06964,"ECA"
"LTU",1996,0,"ECA"
"LTU",1999,0.00348,"ECA"
"LTU",2002,0.00509,"ECA"
"LTU",2005,0.01782,"ECA"
"LTU",2008,0.00149,"ECA"
"LTU",2010,0.01534,"ECA"
"LTU",2011,0.00701,"ECA"
"LTU",2012,0.00954,"ECA"
"LTU",2013,0.00705,"ECA"
"LTU",2015,0.0072,"ECA"
"LTU",2018,0.01023,"ECA"
"LTU",2019,0.000284557457214341,"ECA"
"LUX",1993,0,"OHI"
"LUX",1996,0,"OHI"
"LUX",1999,0,"OHI"
"LUX",2002,0.00048,"OHI"
"LUX",2005,0.00035,"OHI"
"LUX",2008,0,"OHI"
"LUX",2010,0,"OHI"
"LUX",2011,0.00118,"OHI"
"LUX",2012,0.00044,"OHI"
"LUX",2013,0.00089,"OHI"
"LUX",2015,0.00317,"OHI"
"LUX",2018,0.00268,"OHI"
"LVA",1993,0,"ECA"
"LVA",1996,0.01574,"ECA"
"LVA",1999,0.01364,"ECA"
"LVA",2002,0.00654,"ECA"
"LVA",2005,0.02349,"ECA"
"LVA",2008,0.00027,"ECA"
"LVA",2010,0.01705,"ECA"
"LVA",2011,0.01006,"ECA"
"LVA",2012,0.01032,"ECA"
"LVA",2013,0.01139,"ECA"
"LVA",2015,0.00645,"ECA"
"LVA",2018,0.00717,"ECA"
"MAR",1993,0.05761,"MNA"
"MAR",1996,0.05292,"MNA"
"MAR",1999,0.07157,"MNA"
"MAR",2002,0.05741,"MNA"
"MAR",2005,0.04231,"MNA"
"MAR",2008,0.02264,"MNA"
"MAR",2010,0.01796,"MNA"
"MAR",2011,0.01426,"MNA"
"MAR",2012,0.01224,"MNA"
"MAR",2013,0.01063,"MNA"
"MAR",2015,0.00923,"MNA"
"MAR",2018,0.00703,"MNA"
"MDA",1993,0.05635,"ECA"
"MDA",1996,0.19645,"ECA"
"MDA",1999,0.38472,"ECA"
"MDA",2002,0.16301,"ECA"
"MDA",2005,0.13874,"ECA"
"MDA",2008,0.01294,"ECA"
"MDA",2010,0.00532,"ECA"
"MDA",2011,0.00276,"ECA"
"MDA",2012,0.0034,"ECA"
"MDA",2013,0.00085,"ECA"
"MDA",2015,0.00031,"ECA"
"MDA",2018,0.00018,"ECA"
"MDG",1993,0.69776,"SSA"
"MDG",1996,0.68707,"SSA"
"MDG",1999,0.64173,"SSA"
"MDG",2002,0.75672,"SSA"
"MDG",2005,0.71988,"SSA"
"MDG",2008,0.71714,"SSA"
"MDG",2010,0.7847,"SSA"
"MDG",2011,0.78279,"SSA"
"MDG",2012,0.77627,"SSA"
"MDG",2013,0.77771,"SSA"
"MDG",2015,0.77449,"SSA"
"MDG",2018,0.75939,"SSA"
"MDV",1996,0.18141,"SAS"
"MDV",1999,0.11643,"SAS"
"MDV",2002,0.12129,"SAS"
"MDV",2005,0.13664,"SAS"
"MDV",2008,0.05049,"SAS"
"MDV",2010,0.03156,"SAS"
"MDV",2011,0.00639,"SAS"
"MDV",2012,0.01071,"SAS"
"MDV",2013,0.00157,"SAS"
"MDV",2015,0.00068,"SAS"
"MDV",2018,0,"SAS"
"MEX",1993,0.07524,"LAC"
"MEX",1996,0.11227,"LAC"
"MEX",1999,0.10523,"LAC"
"MEX",2002,0.06566,"LAC"
"MEX",2005,0.06189,"LAC"
"MEX",2008,0.04119,"LAC"
"MEX",2010,0.04214,"LAC"
"MEX",2011,0.03761,"LAC"
"MEX",2012,0.0336,"LAC"
"MEX",2013,0.03695,"LAC"
"MEX",2015,0.03367,"LAC"
"MEX",2018,0.01742,"LAC"
"MEX",2023,0.000619352078238045,"LAC"
"MKD",1993,0.02216,"ECA"
"MKD",1996,0.01407,"ECA"
"MKD",1999,0.04145,"ECA"
"MKD",2002,0.0145,"ECA"
"MKD",2005,0.01383,"ECA"
"MKD",2008,0.00618,"ECA"
"MKD",2010,0.10368,"ECA"
"MKD",2011,0.08795,"ECA"
"MKD",2012,0.06811,"ECA"
"MKD",2013,0.05191,"ECA"
"MKD",2015,0.05238,"ECA"
"MKD",2018,0.04056,"ECA"
"MLI",1993,0.85281,"SSA"
"MLI",1996,0.82055,"SSA"
"MLI",1999,0.70172,"SSA"
"MLI",2002,0.58413,"SSA"
"MLI",2005,0.5245,"SSA"
"MLI",2008,0.50678,"SSA"
"MLI",2010,0.49587,"SSA"
"MLI",2011,0.49506,"SSA"
"MLI",2012,0.51584,"SSA"
"MLI",2013,0.51981,"SSA"
"MLI",2015,0.47755,"SSA"
"MLI",2018,0.4267,"SSA"
"MLI",2041,0.0149836063569495,"SSA"
"MLT",1993,0.00549,"OHI"
"MLT",1996,0.00549,"OHI"
"MLT",1999,0.00512,"OHI"
"MLT",2002,0.00512,"OHI"
"MLT",2005,0.00466,"OHI"
"MLT",2008,0.00109,"OHI"
"MLT",2010,0.00194,"OHI"
"MLT",2011,0.00186,"OHI"
"MLT",2012,0.00118,"OHI"
"MLT",2013,3e-04,"OHI"
"MLT",2015,0.00084,"OHI"
"MLT",2018,0.0016,"OHI"
"MMR",1993,0.94459,"EAP"
"MMR",1996,0.91888,"EAP"
"MMR",1999,0.86871,"EAP"
"MMR",2002,0.7302,"EAP"
"MMR",2005,0.50285,"EAP"
"MMR",2008,0.27608,"EAP"
"MMR",2010,0.17131,"EAP"
"MMR",2011,0.14692,"EAP"
"MMR",2012,0.12136,"EAP"
"MMR",2013,0.09798,"EAP"
"MMR",2015,0.06217,"EAP"
"MMR",2018,0.01525,"EAP"
"MNE",1993,0.01109,"ECA"
"MNE",1996,0.00394,"ECA"
"MNE",1999,0.00394,"ECA"
"MNE",2002,0.00394,"ECA"
"MNE",2005,0.00228,"ECA"
"MNE",2008,0.00188,"ECA"
"MNE",2010,0,"ECA"
"MNE",2011,0.00211,"ECA"
"MNE",2012,0.01264,"ECA"
"MNE",2013,0.01038,"ECA"
"MNE",2015,0.01668,"ECA"
"MNE",2018,0.00908,"ECA"
"MNG",1993,0.15165,"EAP"
"MNG",1996,0.17495,"EAP"
"MNG",1999,0.19666,"EAP"
"MNG",2002,0.0973,"EAP"
"MNG",2005,0.03856,"EAP"
"MNG",2008,0.01084,"EAP"
"MNG",2010,0.00795,"EAP"
"MNG",2011,0.00569,"EAP"
"MNG",2012,0.00376,"EAP"
"MNG",2013,0.00271,"EAP"
"MNG",2015,0.0032,"EAP"
"MNG",2018,0.00538,"EAP"
"MOZ",1993,0.84404,"SSA"
"MOZ",1996,0.82165,"SSA"
"MOZ",1999,0.80339,"SSA"
"MOZ",2002,0.79466,"SSA"
"MOZ",2005,0.76252,"SSA"
"MOZ",2008,0.69947,"SSA"
"MOZ",2010,0.67484,"SSA"
"MOZ",2011,0.65872,"SSA"
"MOZ",2012,0.64555,"SSA"
"MOZ",2013,0.63829,"SSA"
"MOZ",2015,0.62121,"SSA"
"MOZ",2018,0.6111,"SSA"
"MOZ",2074,0.000966119804367338,"SSA"
"MRT",1993,0.41121,"SSA"
"MRT",1996,0.19772,"SSA"
"MRT",1999,0.18634,"SSA"
"MRT",2002,0.18576,"SSA"
"MRT",2005,0.13369,"SSA"
"MRT",2008,0.10767,"SSA"
"MRT",2010,0.10186,"SSA"
"MRT",2011,0.0925,"SSA"
"MRT",2012,0.08045,"SSA"
"MRT",2013,0.06901,"SSA"
"MRT",2015,0.06437,"SSA"
"MRT",2018,0.06437,"SSA"
"MRT",2019,0.00713861613692757,"SSA"
"MUS",1993,0.02882,"SSA"
"MUS",1996,0.02051,"SSA"
"MUS",1999,0.01345,"SSA"
"MUS",2002,0.00888,"SSA"
"MUS",2005,0.00583,"SSA"
"MUS",2008,0.0041,"SSA"
"MUS",2010,0.00458,"SSA"
"MUS",2011,0.00489,"SSA"
"MUS",2012,0.00544,"SSA"
"MUS",2013,0.00458,"SSA"
"MUS",2015,0.0036,"SSA"
"MUS",2018,0.0014,"SSA"
"MWI",1993,0.68826,"SSA"
"MWI",1996,0.64516,"SSA"
"MWI",1999,0.64669,"SSA"
"MWI",2002,0.73249,"SSA"
"MWI",2005,0.73387,"SSA"
"MWI",2008,0.72538,"SSA"
"MWI",2010,0.71721,"SSA"
"MWI",2011,0.71327,"SSA"
"MWI",2012,0.72479,"SSA"
"MWI",2013,0.71467,"SSA"
"MWI",2015,0.69931,"SSA"
"MWI",2018,0.69288,"SSA"
"MYS",1993,0.01503,"EAP"
"MYS",1996,0.00639,"EAP"
"MYS",1999,0.01212,"EAP"
"MYS",2002,0.00585,"EAP"
"MYS",2005,0.00514,"EAP"
"MYS",2008,0.00521,"EAP"
"MYS",2010,0.00245,"EAP"
"MYS",2011,0.0011,"EAP"
"MYS",2012,0.00059,"EAP"
"MYS",2013,0.00026,"EAP"
"MYS",2015,0.00012,"EAP"
"MYS",2018,6e-05,"EAP"
"NAM",1993,0.50781,"SSA"
"NAM",1996,0.50209,"SSA"
"NAM",1999,0.38333,"SSA"
"NAM",2002,0.36161,"SSA"
"NAM",2005,0.2916,"SSA"
"NAM",2008,0.23667,"SSA"
"NAM",2010,0.2098,"SSA"
"NAM",2011,0.18948,"SSA"
"NAM",2012,0.17553,"SSA"
"NAM",2013,0.15792,"SSA"
"NAM",2015,0.13449,"SSA"
"NAM",2018,0.14772,"SSA"
"NAM",2023,0.00469499022004527,"SSA"
"NER",1993,0.78643,"SSA"
"NER",1996,0.80422,"SSA"
"NER",1999,0.77694,"SSA"
"NER",2002,0.76449,"SSA"
"NER",2005,0.74933,"SSA"
"NER",2008,0.66271,"SSA"
"NER",2010,0.55123,"SSA"
"NER",2011,0.50338,"SSA"
"NER",2012,0.46422,"SSA"
"NER",2013,0.4632,"SSA"
"NER",2015,0.44255,"SSA"
"NER",2018,0.41337,"SSA"
"NER",2039,0.0184752493887288,"SSA"
"NGA",1993,0.59132,"SSA"
"NGA",1996,0.63503,"SSA"
"NGA",1999,0.65383,"SSA"
"NGA",2002,0.57715,"SSA"
"NGA",2005,0.53552,"SSA"
"NGA",2008,0.53886,"SSA"
"NGA",2010,0.53047,"SSA"
"NGA",2011,0.51778,"SSA"
"NGA",2012,0.51024,"SSA"
"NGA",2013,0.48852,"SSA"
"NGA",2015,0.47014,"SSA"
"NGA",2018,0.50847,"SSA"
"NGA",2093,0.000326364303138149,"SSA"
"NIC",1993,0.22056,"LAC"
"NIC",1996,0.19411,"LAC"
"NIC",1999,0.16978,"LAC"
"NIC",2002,0.16325,"LAC"
"NIC",2005,0.15549,"LAC"
"NIC",2008,0.07226,"LAC"
"NIC",2010,0.065,"LAC"
"NIC",2011,0.05748,"LAC"
"NIC",2012,0.05052,"LAC"
"NIC",2013,0.04375,"LAC"
"NIC",2015,0.02902,"LAC"
"NIC",2018,0.02506,"LAC"
"NLD",1993,0.00971,"OHI"
"NLD",1996,0.00587,"OHI"
"NLD",1999,0.00203,"OHI"
"NLD",2002,0.00223,"OHI"
"NLD",2005,0.00148,"OHI"
"NLD",2008,0.00134,"OHI"
"NLD",2010,0.00047,"OHI"
"NLD",2011,0.00096,"OHI"
"NLD",2012,0.00076,"OHI"
"NLD",2013,0.00087,"OHI"
"NLD",2015,0.00053,"OHI"
"NLD",2018,0.00178,"OHI"
"NOR",1993,0.00232,"OHI"
"NOR",1996,0.00226,"OHI"
"NOR",1999,0.00233,"OHI"
"NOR",2002,0.00215,"OHI"
"NOR",2005,0.00182,"OHI"
"NOR",2008,0.00227,"OHI"
"NOR",2010,0.00151,"OHI"
"NOR",2011,0.00086,"OHI"
"NOR",2012,0.00117,"OHI"
"NOR",2013,0.0013,"OHI"
"NOR",2015,0.00148,"OHI"
"NOR",2018,0.0024,"OHI"
"NPL",1993,0.70132,"SAS"
"NPL",1996,0.64033,"SAS"
"NPL",1999,0.57365,"SAS"
"NPL",2002,0.52259,"SAS"
"NPL",2005,0.43491,"SAS"
"NPL",2008,0.30721,"SAS"
"NPL",2010,0.15463,"SAS"
"NPL",2011,0.14895,"SAS"
"NPL",2012,0.08456,"SAS"
"NPL",2013,0.07259,"SAS"
"NPL",2015,0.05884,"SAS"
"NPL",2018,0.05806,"SAS"
"PAK",1993,0.41086,"SAS"
"PAK",1996,0.1783,"SAS"
"PAK",1999,0.22334,"SAS"
"PAK",2002,0.28381,"SAS"
"PAK",2005,0.15916,"SAS"
"PAK",2008,0.11938,"SAS"
"PAK",2010,0.09582,"SAS"
"PAK",2011,0.08114,"SAS"
"PAK",2012,0.06938,"SAS"
"PAK",2013,0.07005,"SAS"
"PAK",2015,0.05326,"SAS"
"PAK",2018,0.0161,"SAS"
"PAN",1993,0.17869,"LAC"
"PAN",1996,0.16107,"LAC"
"PAN",1999,0.13391,"LAC"
"PAN",2002,0.1117,"LAC"
"PAN",2005,0.09942,"LAC"
"PAN",2008,0.05214,"LAC"
"PAN",2010,0.04486,"LAC"
"PAN",2011,0.0304,"LAC"
"PAN",2012,0.04123,"LAC"
"PAN",2013,0.02786,"LAC"
"PAN",2015,0.01979,"LAC"
"PAN",2018,0.01704,"LAC"
"PER",1993,0.14888,"LAC"
"PER",1996,0.18322,"LAC"
"PER",1999,0.17625,"LAC"
"PER",2002,0.15009,"LAC"
"PER",2005,0.15341,"LAC"
"PER",2008,0.08965,"LAC"
"PER",2010,0.05458,"LAC"
"PER",2011,0.05186,"LAC"
"PER",2012,0.04729,"LAC"
"PER",2013,0.04309,"LAC"
"PER",2015,0.03553,"LAC"
"PER",2018,0.02641,"LAC"
"PER",2020,0.00314261124693971,"LAC"
"PHL",1993,0.25609,"EAP"
"PHL",1996,0.20734,"EAP"
"PHL",1999,0.15899,"EAP"
"PHL",2002,0.13685,"EAP"
"PHL",2005,0.12168,"EAP"
"PHL",2008,0.10974,"EAP"
"PHL",2010,0.10488,"EAP"
"PHL",2011,0.09985,"EAP"
"PHL",2012,0.10511,"EAP"
"PHL",2013,0.08869,"EAP"
"PHL",2015,0.07806,"EAP"
"PHL",2018,0.04582,"EAP"
"PHL",2024,0.00512643520782419,"EAP"
"PNG",1993,0.52231,"EAP"
"PNG",1996,0.50907,"EAP"
"PNG",1999,0.53943,"EAP"
"PNG",2002,0.55262,"EAP"
"PNG",2005,0.50474,"EAP"
"PNG",2008,0.44152,"EAP"
"PNG",2010,0.37269,"EAP"
"PNG",2011,0.37398,"EAP"
"PNG",2012,0.36572,"EAP"
"PNG",2013,0.35847,"EAP"
"PNG",2015,0.27623,"EAP"
"PNG",2018,0.27337,"EAP"
"PNG",2043,0.00503853789728481,"EAP"
"POL",1993,0.0015,"ECA"
"POL",1996,0.02688,"ECA"
"POL",1999,0.00065,"ECA"
"POL",2002,0.00075,"ECA"
"POL",2005,0.00142,"ECA"
"POL",2008,0.00013,"ECA"
"POL",2010,0,"ECA"
"POL",2011,0.00023,"ECA"
"POL",2012,0.00019,"ECA"
"POL",2013,9e-05,"ECA"
"POL",2015,0,"ECA"
"POL",2018,0.00324,"ECA"
"PRT",1993,0.0106,"OHI"
"PRT",1996,0.01026,"OHI"
"PRT",1999,0.00964,"OHI"
"PRT",2002,0.00904,"OHI"
"PRT",2005,0.00544,"OHI"
"PRT",2008,0.00137,"OHI"
"PRT",2010,0.00136,"OHI"
"PRT",2011,0.00508,"OHI"
"PRT",2012,0.00703,"OHI"
"PRT",2013,0.00855,"OHI"
"PRT",2015,0.00482,"OHI"
"PRT",2018,0.00405,"OHI"
"PRY",1993,0.08394,"LAC"
"PRY",1996,0.11716,"LAC"
"PRY",1999,0.10207,"LAC"
"PRY",2002,0.13236,"LAC"
"PRY",2005,0.06072,"LAC"
"PRY",2008,0.04306,"LAC"
"PRY",2010,0.0546,"LAC"
"PRY",2011,0.05048,"LAC"
"PRY",2012,0.03278,"LAC"
"PRY",2013,0.01788,"LAC"
"PRY",2015,0.01891,"LAC"
"PRY",2018,0.01634,"LAC"
"PRY",2020,0.0042444352078217,"LAC"
"PSE",1993,0.01753,"MNA"
"PSE",1996,0.0165,"MNA"
"PSE",1999,0.00623,"MNA"
"PSE",2002,0.01832,"MNA"
"PSE",2005,0.00922,"MNA"
"PSE",2008,0.01015,"MNA"
"PSE",2010,0.00175,"MNA"
"PSE",2011,0.00202,"MNA"
"PSE",2012,0.003,"MNA"
"PSE",2013,0.00532,"MNA"
"PSE",2015,0.00679,"MNA"
"PSE",2018,0.00983,"MNA"
"ROU",1993,0.06396,"ECA"
"ROU",1996,0.01874,"ECA"
"ROU",1999,0.0644,"ECA"
"ROU",2002,0.05402,"ECA"
"ROU",2005,0.02147,"ECA"
"ROU",2008,0,"ECA"
"ROU",2010,0,"ECA"
"ROU",2011,0,"ECA"
"ROU",2012,0,"ECA"
"ROU",2013,0,"ECA"
"ROU",2015,0.05712,"ECA"
"ROU",2018,0.03266,"ECA"
"ROU",2023,0.000854985330073887,"ECA"
"RUS",1993,0.02367,"ECA"
"RUS",1996,0.03596,"ECA"
"RUS",1999,0.03395,"ECA"
"RUS",2002,0.00697,"ECA"
"RUS",2005,0.00544,"ECA"
"RUS",2008,7e-04,"ECA"
"RUS",2010,0.00062,"ECA"
"RUS",2011,0.00018,"ECA"
"RUS",2012,0.00017,"ECA"
"RUS",2013,5e-05,"ECA"
"RUS",2015,0.00022,"ECA"
"RUS",2018,0.00019,"ECA"
"RWA",1993,0.70279,"SSA"
"RWA",1996,0.80291,"SSA"
"RWA",1999,0.78913,"SSA"
"RWA",2002,0.73615,"SSA"
"RWA",2005,0.70106,"SSA"
"RWA",2008,0.65638,"SSA"
"RWA",2010,0.63286,"SSA"
"RWA",2011,0.61914,"SSA"
"RWA",2012,0.59497,"SSA"
"RWA",2013,0.58203,"SSA"
"RWA",2015,0.5531,"SSA"
"RWA",2018,0.5148,"SSA"
"RWA",2069,0.00352918581901562,"SSA"
"SDN",1993,0.44551,"SSA"
"SDN",1996,0.41426,"SSA"
"SDN",1999,0.35723,"SSA"
"SDN",2002,0.30061,"SSA"
"SDN",2005,0.25072,"SSA"
"SDN",2008,0.16325,"SSA"
"SDN",2010,0.17336,"SSA"
"SDN",2011,0.15439,"SSA"
"SDN",2012,0.12237,"SSA"
"SDN",2013,0.12119,"SSA"
"SDN",2015,0.11769,"SSA"
"SDN",2018,0.1211,"SSA"
"SDN",2021,0.014708031784842,"SSA"
"SEN",1993,0.61287,"SSA"
"SEN",1996,0.55881,"SSA"
"SEN",1999,0.50134,"SSA"
"SEN",2002,0.48177,"SSA"
"SEN",2005,0.38252,"SSA"
"SEN",2008,0.36442,"SSA"
"SEN",2010,0.37289,"SSA"
"SEN",2011,0.38139,"SSA"
"SEN",2012,0.37455,"SSA"
"SEN",2013,0.37455,"SSA"
"SEN",2015,0.33752,"SSA"
"SEN",2018,0.28113,"SSA"
"SEN",2041,0.00999411980438936,"SSA"
"SLB",1993,0.32565,"EAP"
"SLB",1996,0.27642,"EAP"
"SLB",1999,0.31571,"EAP"
"SLB",2002,0.50196,"EAP"
"SLB",2005,0.45564,"EAP"
"SLB",2008,0.36236,"EAP"
"SLB",2010,0.34058,"EAP"
"SLB",2011,0.28893,"EAP"
"SLB",2012,0.26763,"EAP"
"SLB",2013,0.25143,"EAP"
"SLB",2015,0.25473,"EAP"
"SLB",2018,0.24332,"EAP"
"SLB",2085,0.00282995354520033,"EAP"
"SLE",1993,0.75363,"SSA"
"SLE",1996,0.76962,"SSA"
"SLE",1999,0.79596,"SSA"
"SLE",2002,0.74406,"SSA"
"SLE",2005,0.6958,"SSA"
"SLE",2008,0.61004,"SSA"
"SLE",2010,0.56443,"SSA"
"SLE",2011,0.52206,"SSA"
"SLE",2012,0.38989,"SSA"
"SLE",2013,0.30694,"SSA"
"SLE",2015,0.47601,"SSA"
"SLE",2018,0.40063,"SSA"
"SLE",2037,0.0136790757945917,"SSA"
"SLV",1993,0.16401,"LAC"
"SLV",1996,0.14086,"LAC"
"SLV",1999,0.16261,"LAC"
"SLV",2002,0.13951,"LAC"
"SLV",2005,0.10389,"LAC"
"SLV",2008,0.06746,"LAC"
"SLV",2010,0.05502,"LAC"
"SLV",2011,0.04544,"LAC"
"SLV",2012,0.04101,"LAC"
"SLV",2013,0.03222,"LAC"
"SLV",2015,0.01925,"LAC"
"SLV",2018,0.01462,"LAC"
"SRB",1993,0.00644,"ECA"
"SRB",1996,0.00525,"ECA"
"SRB",1999,0.00502,"ECA"
"SRB",2002,0.00166,"ECA"
"SRB",2005,0.00879,"ECA"
"SRB",2008,0.00112,"ECA"
"SRB",2010,0.002,"ECA"
"SRB",2011,0.0017,"ECA"
"SRB",2012,0.05616,"ECA"
"SRB",2013,0.00293,"ECA"
"SRB",2015,0.00103,"ECA"
"SRB",2018,0.00068,"ECA"
"SSD",2008,0.4293,"SSA"
"SSD",2010,0.42377,"SSA"
"SSD",2011,0.45428,"SSA"
"SSD",2012,0.73102,"SSA"
"SSD",2013,0.69487,"SSA"
"SSD",2015,0.73258,"SSA"
"SSD",2018,0.84823,"SSA"
"STP",2010,0.32279,"SSA"
"STP",2011,0.32016,"SSA"
"STP",2012,0.34327,"SSA"
"STP",2013,0.3387,"SSA"
"STP",2015,0.3249,"SSA"
"STP",2018,0.34004,"SSA"
"SUR",1993,0.25826,"LAC"
"SUR",1996,0.25826,"LAC"
"SUR",1999,0.2338,"LAC"
"SUR",2002,0.21411,"LAC"
"SUR",2005,0.20868,"LAC"
"SUR",2008,0.19367,"LAC"
"SUR",2010,0.18834,"LAC"
"SUR",2011,0.18834,"LAC"
"SUR",2012,0.17823,"LAC"
"SUR",2013,0.17823,"LAC"
"SUR",2015,0.18834,"LAC"
"SUR",2018,0.19367,"LAC"
"SUR",2068,0.0012101418092838,"LAC"
"SVK",1993,0.00373,"ECA"
"SVK",1996,0.01493,"ECA"
"SVK",1999,0.00803,"ECA"
"SVK",2002,0.00361,"ECA"
"SVK",2005,0.00046,"ECA"
"SVK",2008,0,"ECA"
"SVK",2010,0.00495,"ECA"
"SVK",2011,0.00424,"ECA"
"SVK",2012,0.00313,"ECA"
"SVK",2013,0.00281,"ECA"
"SVK",2015,0.00662,"ECA"
"SVK",2018,0.01325,"ECA"
"SVN",1993,0.00046,"ECA"
"SVN",1996,1e-04,"ECA"
"SVN",1999,0,"ECA"
"SVN",2002,0,"ECA"
"SVN",2005,0.00101,"ECA"
"SVN",2008,0,"ECA"
"SVN",2010,9e-05,"ECA"
"SVN",2011,0,"ECA"
"SVN",2012,0.00026,"ECA"
"SVN",2013,0.00022,"ECA"
"SVN",2015,5e-05,"ECA"
"SVN",2018,0,"ECA"
"SWE",1993,0.00245,"OHI"
"SWE",1996,0.00198,"OHI"
"SWE",1999,0.00049,"OHI"
"SWE",2002,0.00216,"OHI"
"SWE",2005,0.01036,"OHI"
"SWE",2008,0.00553,"OHI"
"SWE",2010,0.00491,"OHI"
"SWE",2011,0.00532,"OHI"
"SWE",2012,0.00457,"OHI"
"SWE",2013,0.00637,"OHI"
"SWE",2015,0.00497,"OHI"
"SWE",2018,0.00248,"OHI"
"SWZ",1993,0.82263,"SSA"
"SWZ",1996,0.70097,"SSA"
"SWZ",1999,0.53222,"SSA"
"SWZ",2002,0.47517,"SSA"
"SWZ",2005,0.45248,"SSA"
"SWZ",2008,0.42841,"SSA"
"SWZ",2010,0.39473,"SSA"
"SWZ",2011,0.3779,"SSA"
"SWZ",2012,0.32265,"SSA"
"SWZ",2013,0.28937,"SSA"
"SWZ",2015,0.28378,"SSA"
"SWZ",2018,0.27299,"SSA"
"SWZ",2028,0.00744464058679739,"SSA"
"SYC",1993,0.01122,"SSA"
"SYC",1996,0.01365,"SSA"
"SYC",1999,0.00576,"SSA"
"SYC",2002,0.00661,"SSA"
"SYC",2005,0.00539,"SSA"
"SYC",2008,0.00372,"SSA"
"SYC",2010,0.01236,"SSA"
"SYC",2011,0.01153,"SSA"
"SYC",2012,0.01153,"SSA"
"SYC",2013,0.01061,"SSA"
"SYC",2015,0.00915,"SSA"
"SYC",2018,0.00842,"SSA"
"SYR",1993,0.03827,"MNA"
"SYR",1996,0.02506,"MNA"
"SYR",1999,0.03009,"MNA"
"SYR",2002,0.0197,"MNA"
"SYR",2005,0.01386,"MNA"
"SYR",2008,0.01011,"MNA"
"SYR",2010,0.00728,"MNA"
"SYR",2011,0.00985,"MNA"
"SYR",2012,0.03009,"MNA"
"SYR",2013,0.05717,"MNA"
"SYR",2015,0.14203,"MNA"
"SYR",2018,0.4337,"MNA"
"TCD",1993,0.73589,"SSA"
"TCD",1996,0.72001,"SSA"
"TCD",1999,0.71562,"SSA"
"TCD",2002,0.68037,"SSA"
"TCD",2005,0.39657,"SSA"
"TCD",2008,0.42147,"SSA"
"TCD",2010,0.37109,"SSA"
"TCD",2011,0.38434,"SSA"
"TCD",2012,0.36036,"SSA"
"TCD",2013,0.34913,"SSA"
"TCD",2015,0.33871,"SSA"
"TCD",2018,0.41248,"SSA"
"TCD",2032,0.0125505525672196,"SSA"
"TGO",1993,0.63163,"SSA"
"TGO",1996,0.52169,"SSA"
"TGO",1999,0.49724,"SSA"
"TGO",2002,0.56458,"SSA"
"TGO",2005,0.56268,"SSA"
"TGO",2008,0.5563,"SSA"
"TGO",2010,0.54728,"SSA"
"TGO",2011,0.5418,"SSA"
"TGO",2012,0.53126,"SSA"
"TGO",2013,0.52104,"SSA"
"TGO",2015,0.49825,"SSA"
"TGO",2018,0.45698,"SSA"
"TGO",2167,0.00131931540342478,"SSA"
"THA",1993,0.04903,"EAP"
"THA",1996,0.02248,"EAP"
"THA",1999,0.02542,"EAP"
"THA",2002,0.01144,"EAP"
"THA",2005,0.0064,"EAP"
"THA",2008,0.0015,"EAP"
"THA",2010,0.00142,"EAP"
"THA",2011,0.00044,"EAP"
"THA",2012,0.00056,"EAP"
"THA",2013,0.00039,"EAP"
"THA",2015,0.00026,"EAP"
"THA",2018,0.00024,"EAP"
"TJK",1993,0.25399,"ECA"
"TJK",1996,0.75705,"ECA"
"TJK",1999,0.54372,"ECA"
"TJK",2002,0.32994,"ECA"
"TJK",2005,0.13023,"ECA"
"TJK",2008,0.07502,"ECA"
"TJK",2010,0.04671,"ECA"
"TJK",2011,0.04718,"ECA"
"TJK",2012,0.04632,"ECA"
"TJK",2013,0.04607,"ECA"
"TJK",2015,0.04814,"ECA"
"TJK",2018,0.02835,"ECA"
"TKM",1993,0.32348,"ECA"
"TKM",1996,0.46803,"ECA"
"TKM",1999,0.43459,"ECA"
"TKM",2002,0.39773,"ECA"
"TKM",2005,0.30731,"ECA"
"TKM",2008,0.16935,"ECA"
"TKM",2010,0.12698,"ECA"
"TKM",2011,0.08957,"ECA"
"TKM",2012,0.06658,"ECA"
"TKM",2013,0.04908,"ECA"
"TKM",2015,0.02779,"ECA"
"TKM",2018,0.0135,"ECA"
"TLS",2002,0.45921,"EAP"
"TLS",2005,0.45837,"EAP"
"TLS",2008,0.53038,"EAP"
"TLS",2010,0.40731,"EAP"
"TLS",2011,0.41461,"EAP"
"TLS",2012,0.39529,"EAP"
"TLS",2013,0.35199,"EAP"
"TLS",2015,0.32771,"EAP"
"TLS",2018,0.26725,"EAP"
"TLS",2040,0.00661260869565794,"EAP"
"TON",1993,0.04092,"EAP"
"TON",1996,0.03197,"EAP"
"TON",1999,0.03152,"EAP"
"TON",2002,0.02224,"EAP"
"TON",2005,0.01681,"EAP"
"TON",2008,0.01464,"EAP"
"TON",2010,0.01101,"EAP"
"TON",2011,0.01094,"EAP"
"TON",2012,0.01044,"EAP"
"TON",2013,0.01082,"EAP"
"TON",2015,0.00952,"EAP"
"TON",2018,0.00673,"EAP"
"TON",2020,0.000233699266503518,"EAP"
"TTO",1993,0.03542,"LAC"
"TTO",1996,0.0236,"LAC"
"TTO",1999,0.01158,"LAC"
"TTO",2002,0.00684,"LAC"
"TTO",2005,0.00348,"LAC"
"TTO",2008,0.00229,"LAC"
"TTO",2010,0.0024,"LAC"
"TTO",2011,0.00244,"LAC"
"TTO",2012,0.00241,"LAC"
"TTO",2013,0.00234,"LAC"
"TTO",2015,0.00235,"LAC"
"TTO",2018,0.00295,"LAC"
"TUN",1993,0.11359,"MNA"
"TUN",1996,0.10742,"MNA"
"TUN",1999,0.06996,"MNA"
"TUN",2002,0.04925,"MNA"
"TUN",2005,0.03592,"MNA"
"TUN",2008,0.02656,"MNA"
"TUN",2010,0.02124,"MNA"
"TUN",2011,0.01922,"MNA"
"TUN",2012,0.01422,"MNA"
"TUN",2013,0.00866,"MNA"
"TUN",2015,0.00329,"MNA"
"TUN",2018,0.00219,"MNA"
"TUR",1993,0.02329,"ECA"
"TUR",1996,0.02517,"ECA"
"TUR",1999,0.0201,"ECA"
"TUR",2002,0.02505,"ECA"
"TUR",2005,0.02599,"ECA"
"TUR",2008,0.00622,"ECA"
"TUR",2010,0.00782,"ECA"
"TUR",2011,0.00277,"ECA"
"TUR",2012,0.00257,"ECA"
"TUR",2013,0.00332,"ECA"
"TUR",2015,0.00281,"ECA"
"TUR",2018,8e-04,"ECA"
"TUV",1993,0.06398,"EAP"
"TUV",1996,0.0711,"EAP"
"TUV",1999,0.02713,"EAP"
"TUV",2002,0.02348,"EAP"
"TUV",2005,0.03625,"EAP"
"TUV",2008,0.02348,"EAP"
"TUV",2010,0.0326,"EAP"
"TUV",2011,0.02713,"EAP"
"TUV",2012,0.02713,"EAP"
"TUV",2013,0.02713,"EAP"
"TUV",2015,0.01618,"EAP"
"TUV",2018,0.00582,"EAP"
"TUV",2023,0.000964689486552484,"EAP"
"TZA",1993,0.75092,"SSA"
"TZA",1996,0.80368,"SSA"
"TZA",1999,0.84336,"SSA"
"TZA",2002,0.80236,"SSA"
"TZA",2005,0.67711,"SSA"
"TZA",2008,0.5791,"SSA"
"TZA",2010,0.53943,"SSA"
"TZA",2011,0.5031,"SSA"
"TZA",2012,0.49135,"SSA"
"TZA",2013,0.49238,"SSA"
"TZA",2015,0.48851,"SSA"
"TZA",2018,0.48952,"SSA"
"TZA",2044,0.00512255256719385,"SSA"
"UGA",1993,0.63593,"SSA"
"UGA",1996,0.62327,"SSA"
"UGA",1999,0.65475,"SSA"
"UGA",2002,0.65229,"SSA"
"UGA",2005,0.57853,"SSA"
"UGA",2008,0.47211,"SSA"
"UGA",2010,0.431,"SSA"
"UGA",2011,0.38397,"SSA"
"UGA",2012,0.36574,"SSA"
"UGA",2013,0.36916,"SSA"
"UGA",2015,0.39167,"SSA"
"UGA",2018,0.40174,"SSA"
"UGA",2042,0.00529298533004763,"SSA"
"UKR",1993,0.01315,"ECA"
"UKR",1996,0.05366,"ECA"
"UKR",1999,0.08312,"ECA"
"UKR",2002,0.0167,"ECA"
"UKR",2005,0.00256,"ECA"
"UKR",2008,1e-04,"ECA"
"UKR",2010,4e-05,"ECA"
"UKR",2011,0,"ECA"
"UKR",2012,0,"ECA"
"UKR",2013,0,"ECA"
"UKR",2015,0.0012,"ECA"
"UKR",2018,1e-04,"ECA"
"URY",1993,0.00544,"LAC"
"URY",1996,0.00811,"LAC"
"URY",1999,0.00599,"LAC"
"URY",2002,0.00509,"LAC"
"URY",2005,0.00692,"LAC"
"URY",2008,0.00164,"LAC"
"URY",2010,0.00149,"LAC"
"URY",2011,0.00115,"LAC"
"URY",2012,0.00141,"LAC"
"URY",2013,0.00164,"LAC"
"URY",2015,0.00125,"LAC"
"URY",2018,0.00056,"LAC"
"USA",1993,0.00665,"OHI"
"USA",1996,0.00665,"OHI"
"USA",1999,0.00749,"OHI"
"USA",2002,0.00874,"OHI"
"USA",2005,0.00999,"OHI"
"USA",2008,0.00999,"OHI"
"USA",2010,0.01,"OHI"
"USA",2011,0.00999,"OHI"
"USA",2012,0.00999,"OHI"
"USA",2013,0.00998,"OHI"
"USA",2015,0.01165,"OHI"
"USA",2018,0.01249,"OHI"
"UZB",1993,0.3802,"ECA"
"UZB",1996,0.4329,"ECA"
"UZB",1999,0.51,"ECA"
"UZB",2002,0.58196,"ECA"
"UZB",2005,0.53711,"ECA"
"UZB",2008,0.38374,"ECA"
"UZB",2010,0.30424,"ECA"
"UZB",2011,0.27127,"ECA"
"UZB",2012,0.23673,"ECA"
"UZB",2013,0.2065,"ECA"
"UZB",2015,0.15719,"ECA"
"UZB",2018,0.12004,"ECA"
"UZB",2030,0.000931806845944294,"ECA"
"VEN",1993,0.05988,"LAC"
"VEN",1996,0.11999,"LAC"
"VEN",1999,0.12016,"LAC"
"VEN",2002,0.18229,"LAC"
"VEN",2005,0.18855,"LAC"
"VEN",2008,0.08868,"LAC"
"VEN",2010,0.09276,"LAC"
"VEN",2011,0.09099,"LAC"
"VEN",2012,0.08884,"LAC"
"VEN",2013,0.08673,"LAC"
"VEN",2015,0.0943,"LAC"
"VEN",2018,0.17205,"LAC"
"VNM",1993,0.52222,"EAP"
"VNM",1996,0.42639,"EAP"
"VNM",1999,0.35678,"EAP"
"VNM",2002,0.37965,"EAP"
"VNM",2005,0.23242,"EAP"
"VNM",2008,0.14751,"EAP"
"VNM",2010,0.04187,"EAP"
"VNM",2011,0.03465,"EAP"
"VNM",2012,0.02798,"EAP"
"VNM",2013,0.02808,"EAP"
"VNM",2015,0.02347,"EAP"
"VNM",2018,0.01924,"EAP"
"VUT",1993,0.2045,"EAP"
"VUT",1996,0.17977,"EAP"
"VUT",1999,0.16631,"EAP"
"VUT",2002,0.21054,"EAP"
"VUT",2005,0.12662,"EAP"
"VUT",2008,0.13221,"EAP"
"VUT",2010,0.13152,"EAP"
"VUT",2011,0.13143,"EAP"
"VUT",2012,0.13072,"EAP"
"VUT",2013,0.12808,"EAP"
"VUT",2015,0.15841,"EAP"
"VUT",2018,0.14408,"EAP"
"VUT",2063,0.00184340097799129,"EAP"
"WSM",1993,0.06058,"EAP"
"WSM",1996,0.04499,"EAP"
"WSM",1999,0.03843,"EAP"
"WSM",2002,0.02045,"EAP"
"WSM",2005,0.01303,"EAP"
"WSM",2008,0.0062,"EAP"
"WSM",2010,0.01034,"EAP"
"WSM",2011,0.00869,"EAP"
"WSM",2012,0.01062,"EAP"
"WSM",2013,0.0114,"EAP"
"WSM",2015,0.01003,"EAP"
"WSM",2018,0.00604,"EAP"
"XKX",2002,0.0195,"ECA"
"XKX",2005,0.02972,"ECA"
"XKX",2008,0.02403,"ECA"
"XKX",2010,0.02167,"ECA"
"XKX",2011,0.01412,"ECA"
"XKX",2012,0.00499,"ECA"
"XKX",2013,0.00293,"ECA"
"XKX",2015,0.00352,"ECA"
"XKX",2018,0.0023,"ECA"
"YEM",1993,0.09971,"MNA"
"YEM",1996,0.08796,"MNA"
"YEM",1999,0.08095,"MNA"
"YEM",2002,0.09098,"MNA"
"YEM",2005,0.09666,"MNA"
"YEM",2008,0.10776,"MNA"
"YEM",2010,0.09699,"MNA"
"YEM",2011,0.17245,"MNA"
"YEM",2012,0.17896,"MNA"
"YEM",2013,0.16747,"MNA"
"YEM",2015,0.30389,"MNA"
"YEM",2018,0.51935,"MNA"
"ZAF",1993,0.31735,"SSA"
"ZAF",1996,0.36572,"SSA"
"ZAF",1999,0.3635,"SSA"
"ZAF",2002,0.33619,"SSA"
"ZAF",2005,0.26118,"SSA"
"ZAF",2008,0.17347,"SSA"
"ZAF",2010,0.16527,"SSA"
"ZAF",2011,0.16654,"SSA"
"ZAF",2012,0.17175,"SSA"
"ZAF",2013,0.17597,"SSA"
"ZAF",2015,0.18917,"SSA"
"ZAF",2018,0.19539,"SSA"
"ZAF",2033,0.00273562591685916,"SSA"
"ZMB",1993,0.54543,"SSA"
"ZMB",1996,0.41729,"SSA"
"ZMB",1999,0.44038,"SSA"
"ZMB",2002,0.49444,"SSA"
"ZMB",2005,0.57502,"SSA"
"ZMB",2008,0.62602,"SSA"
"ZMB",2010,0.64415,"SSA"
"ZMB",2011,0.62554,"SSA"
"ZMB",2012,0.59863,"SSA"
"ZMB",2013,0.58765,"SSA"
"ZMB",2015,0.57496,"SSA"
"ZMB",2018,0.56386,"SSA"
"ZWE",1993,0.14762,"SSA"
"ZWE",1996,0.09613,"SSA"
"ZWE",1999,0.08898,"SSA"
"ZWE",2002,0.12934,"SSA"
"ZWE",2005,0.25543,"SSA"
"ZWE",2008,0.39967,"SSA"
"ZWE",2010,0.26645,"SSA"
"ZWE",2011,0.214,"SSA"
"ZWE",2012,0.19326,"SSA"
"ZWE",2013,0.22527,"SSA"
"ZWE",2015,0.28717,"SSA"
"ZWE",2018,0.31413,"SSA"
